Insertion Sort,Random,5,3.899999999390502e-06
Insertion Sort,Random,5,2.099999999671809e-06
Insertion Sort,Random,10,7.499999998827889e-06
Insertion Sort,Random,10,4.600000000465343e-06
Insertion Sort,Random,15,1.4500000000694513e-05
Insertion Sort,Random,15,8.79999999980896e-06
Insertion Sort,Random,20,1.8299999998916405e-05
Insertion Sort,Random,20,1.419999999896504e-05
Insertion Sort,Random,25,2.1300000000223918e-05
Insertion Sort,Random,25,2.0200000001580065e-05
Insertion Sort,Random,30,2.650000000059549e-05
Insertion Sort,Random,30,2.930000000134214e-05
Insertion Sort,Random,35,3.91000000004027e-05
Insertion Sort,Random,35,4.039999999960742e-05
Insertion Sort,Random,40,5.100000000091143e-05
Insertion Sort,Random,40,4.559999999997899e-05
Insertion Sort,Random,45,5.7299999999926854e-05
Insertion Sort,Random,45,4.679999999979145e-05
Insertion Sort,Random,50,6.890000000048246e-05
Insertion Sort,Random,50,7.130000000010739e-05
Insertion Sort,Random,55,8.700000000061436e-05
Insertion Sort,Random,55,8.189999999963504e-05
Insertion Sort,Random,60,9.670000000028267e-05
Insertion Sort,Random,60,8.120000000033656e-05
Insertion Sort,Random,65,0.00012189999999989709
Insertion Sort,Random,65,0.00011369999999999436
Insertion Sort,Random,70,0.00012459999999947513
Insertion Sort,Random,70,0.0001260999999992407
Insertion Sort,Random,75,0.00013569999999951676
Insertion Sort,Random,75,0.00014039999999937436
Insertion Sort,Random,80,0.0001593999999993656
Insertion Sort,Random,80,0.00016300000000057935
Insertion Sort,Random,85,0.00019290000000005136
Insertion Sort,Random,85,0.00017430000000118184
Insertion Sort,Random,90,0.00019729999999995584
Insertion Sort,Random,90,0.00021899999999952513
Insertion Sort,Random,95,0.00024859999999904403
Insertion Sort,Random,95,0.00022060000000045932
Insertion Sort,Random,100,0.00028230000000029065
Insertion Sort,Random,100,0.0002472999999998393
Insertion Sort,Random,105,0.000278600000001461
Insertion Sort,Random,105,0.0002692999999993617
Insertion Sort,Random,110,0.0002811000000004782
Insertion Sort,Random,110,0.0003017999999990195
Insertion Sort,Random,115,0.00034359999999900026
Insertion Sort,Random,115,0.00036139999999917904
Insertion Sort,Random,120,0.0003593999999988995
Insertion Sort,Random,120,0.00036039999999992745
Insertion Sort,Random,125,0.0004127000000000436
Insertion Sort,Random,125,0.00036620000000020525
Insertion Sort,Random,130,0.00047580000000024825
Insertion Sort,Random,130,0.0004113000000014466
Insertion Sort,Random,135,0.00044889999999853103
Insertion Sort,Random,135,0.0004901000000003819
Insertion Sort,Random,140,0.0005084000000010747
Insertion Sort,Random,140,0.0004778000000005278
Insertion Sort,Random,145,0.000523499999999899
Insertion Sort,Random,145,0.0005389999999998452
Insertion Sort,Random,150,0.0005288000000014392
Insertion Sort,Random,150,0.0005639000000012828
Insertion Sort,Random,155,0.0005541999999998382
Insertion Sort,Random,155,0.0006270999999991034
Insertion Sort,Random,160,0.0006895999999994018
Insertion Sort,Random,160,0.0006251000000006002
Insertion Sort,Random,165,0.0006919999999990267
Insertion Sort,Random,165,0.0006491999999997944
Insertion Sort,Random,170,0.0007607000000007247
Insertion Sort,Random,170,0.0007696999999993182
Insertion Sort,Random,175,0.0007190000000001362
Insertion Sort,Random,175,0.0008409000000000333
Insertion Sort,Random,180,0.0008587000000002121
Insertion Sort,Random,180,0.0008595000000006792
Insertion Sort,Random,185,0.0007938000000002887
Insertion Sort,Random,185,0.0008157000000004189
Insertion Sort,Random,190,0.0008543999999996998
Insertion Sort,Random,190,0.000885099999999639
Insertion Sort,Random,195,0.0008537999999997936
Insertion Sort,Random,195,0.0008707999999995053
Insertion Sort,Random,200,0.0010235000000005101
Insertion Sort,Random,200,0.0010455999999994248
Insertion Sort,Random,205,0.0010562000000007288
Insertion Sort,Random,205,0.0009297000000003663
Insertion Sort,Random,210,0.001199500000000242
Insertion Sort,Random,210,0.0011637999999987159
Insertion Sort,Random,215,0.0010857000000008554
Insertion Sort,Random,215,0.001285100000000483
Insertion Sort,Random,220,0.0011369000000005514
Insertion Sort,Random,220,0.0011454000000004072
Insertion Sort,Random,225,0.0012343999999995248
Insertion Sort,Random,225,0.0016523999999993322
Insertion Sort,Random,230,0.0013407000000000835
Insertion Sort,Random,230,0.0013199999999997658
Insertion Sort,Random,235,0.0014391000000006926
Insertion Sort,Random,235,0.0014127999999988816
Insertion Sort,Random,240,0.001510900000001314
Insertion Sort,Random,240,0.0016353999999996205
Insertion Sort,Random,245,0.0015525000000007338
Insertion Sort,Random,245,0.0014137999999999096
Insertion Sort,Random,250,0.001484099999998989
Insertion Sort,Random,250,0.0017839000000012817
Insertion Sort,Random,255,0.001609900000000053
Insertion Sort,Random,255,0.0017030999999985141
Insertion Sort,Random,260,0.0018588000000008265
Insertion Sort,Random,260,0.0014342000000002741
Insertion Sort,Random,265,0.0018252000000007484
Insertion Sort,Random,265,0.001805600000000851
Insertion Sort,Random,270,0.0017856000000016081
Insertion Sort,Random,270,0.0018782999999995553
Insertion Sort,Random,275,0.0019279999999994857
Insertion Sort,Random,275,0.0020073000000007113
Insertion Sort,Random,280,0.0020930000000003446
Insertion Sort,Random,280,0.00224650000000004
Insertion Sort,Random,285,0.0023823000000007255
Insertion Sort,Random,285,0.002150599999998448
Insertion Sort,Random,290,0.002882400000000729
Insertion Sort,Random,290,0.0031668000000006913
Insertion Sort,Random,295,0.0020956000000005304
Insertion Sort,Random,295,0.0020786999999984346
Insertion Sort,Random,300,0.002287799999999507
Insertion Sort,Random,300,0.0021846000000014243
Insertion Sort,Random,305,0.0024197999999984177
Insertion Sort,Random,305,0.0023655999999991906
Insertion Sort,Random,310,0.0025284999999986013
Insertion Sort,Random,310,0.002365300000001014
Insertion Sort,Random,315,0.0027068999999997345
Insertion Sort,Random,315,0.0026054999999995943
Insertion Sort,Random,320,0.003003299999999598
Insertion Sort,Random,320,0.003263300000000413
Insertion Sort,Random,325,0.002973499999999518
Insertion Sort,Random,325,0.002807300000000623
Insertion Sort,Random,330,0.0031853000000001686
Insertion Sort,Random,330,0.002633300000001171
Insertion Sort,Random,335,0.0038914999999999367
Insertion Sort,Random,335,0.003083500000000683
Insertion Sort,Random,340,0.0029526999999998083
Insertion Sort,Random,340,0.0030546999999998548
Insertion Sort,Random,345,0.00332229999999889
Insertion Sort,Random,345,0.003004300000000626
Insertion Sort,Random,350,0.0031442000000012627
Insertion Sort,Random,350,0.0032612000000007413
Insertion Sort,Random,355,0.002799500000000066
Insertion Sort,Random,355,0.0036453000000005176
Insertion Sort,Random,360,0.003265499999999477
Insertion Sort,Random,360,0.0033586000000003224
Insertion Sort,Random,365,0.0037137999999998783
Insertion Sort,Random,365,0.0034226999999997787
Insertion Sort,Random,370,0.003568899999999431
Insertion Sort,Random,370,0.004317099999999741
Insertion Sort,Random,375,0.0036635000000000417
Insertion Sort,Random,375,0.004210000000000491
Insertion Sort,Random,380,0.004050300000001172
Insertion Sort,Random,380,0.004133200000000059
Insertion Sort,Random,385,0.0036637000000006026
Insertion Sort,Random,385,0.004344599999999588
Insertion Sort,Random,390,0.0049330000000011864
Insertion Sort,Random,390,0.0039778000000012526
Insertion Sort,Random,395,0.0040634999999991095
Insertion Sort,Random,395,0.004567699999999064
Insertion Sort,Random,400,0.004636900000001276
Insertion Sort,Random,400,0.004490699999999848
Insertion Sort,Random,405,0.004546900000001131
Insertion Sort,Random,405,0.0043591999999996744
Insertion Sort,Random,410,0.004720799999999414
Insertion Sort,Random,410,0.00520160000000125
Insertion Sort,Random,415,0.004765400000000142
Insertion Sort,Random,415,0.004421699999999973
Insertion Sort,Random,420,0.004756699999999725
Insertion Sort,Random,420,0.005263299999999305
Insertion Sort,Random,425,0.00469780000000064
Insertion Sort,Random,425,0.004559900000000283
Insertion Sort,Random,430,0.004974199999999485
Insertion Sort,Random,430,0.005197499999999522
Insertion Sort,Random,435,0.005117200000000821
Insertion Sort,Random,435,0.005922199999998767
Insertion Sort,Random,440,0.005452700000001087
Insertion Sort,Random,440,0.006793599999999955
Insertion Sort,Random,445,0.005195099999999897
Insertion Sort,Random,445,0.005257700000001364
Insertion Sort,Random,450,0.006071399999999727
Insertion Sort,Random,450,0.005896700000000976
Insertion Sort,Random,455,0.0054416999999986615
Insertion Sort,Random,455,0.005474699999998833
Insertion Sort,Random,460,0.005819500000001199
Insertion Sort,Random,460,0.005901899999999571
Insertion Sort,Random,465,0.005831599999998716
Insertion Sort,Random,465,0.005699299999999852
Insertion Sort,Random,470,0.0064341000000016635
Insertion Sort,Random,470,0.006772100000000947
Insertion Sort,Random,475,0.006073300000000614
Insertion Sort,Random,475,0.006279599999999164
Insertion Sort,Random,480,0.006181500000000284
Insertion Sort,Random,480,0.006519700000000128
Insertion Sort,Random,485,0.006530300000001432
Insertion Sort,Random,485,0.006972400000000434
Insertion Sort,Random,490,0.006527900000000031
Insertion Sort,Random,490,0.0066795000000006155
Insertion Sort,Random,495,0.006456399999999363
Insertion Sort,Random,495,0.006698000000000093
Insertion Sort,Random,500,0.00736719999999913
Insertion Sort,Random,500,0.007021299999999897
Insertion Sort,Random,505,0.006986500000000007
Insertion Sort,Random,505,0.007092500000000612
Insertion Sort,Random,510,0.00714469999999956
Insertion Sort,Random,510,0.007366700000000392
Insertion Sort,Random,515,0.007146099999999933
Insertion Sort,Random,515,0.007223100000000926
Insertion Sort,Random,520,0.009845499999999063
Insertion Sort,Random,520,0.00800240000000052
Insertion Sort,Random,525,0.007901500000000894
Insertion Sort,Random,525,0.008344999999998493
Insertion Sort,Random,530,0.008516600000000096
Insertion Sort,Random,530,0.008227899999999622
Insertion Sort,Random,535,0.007960599999998763
Insertion Sort,Random,535,0.008240999999999943
Insertion Sort,Random,540,0.008333000000000368
Insertion Sort,Random,540,0.007920700000001446
Insertion Sort,Random,545,0.008555299999999377
Insertion Sort,Random,545,0.008211900000000938
Insertion Sort,Random,550,0.008815300000000192
Insertion Sort,Random,550,0.009726999999999819
Insertion Sort,Random,555,0.008414400000001265
Insertion Sort,Random,555,0.00882589999999972
Insertion Sort,Random,560,0.008685199999998616
Insertion Sort,Random,560,0.008740999999998778
Insertion Sort,Random,565,0.008533099999999294
Insertion Sort,Random,565,0.008990300000000673
Insertion Sort,Random,570,0.009016800000001268
Insertion Sort,Random,570,0.009338200000000185
Insertion Sort,Random,575,0.009529499999999302
Insertion Sort,Random,575,0.009437099999999532
Insertion Sort,Random,580,0.009189399999998571
Insertion Sort,Random,580,0.010006600000000532
Insertion Sort,Random,585,0.009419299999999353
Insertion Sort,Random,585,0.00991269999999922
Insertion Sort,Random,590,0.010027400000000242
Insertion Sort,Random,590,0.010751799999999534
Insertion Sort,Random,595,0.010369199999999523
Insertion Sort,Random,595,0.010013499999999453
Insertion Sort,Random,600,0.010485700000000264
Insertion Sort,Random,600,0.011102899999999138
Insertion Sort,Random,605,0.01047430000000027
Insertion Sort,Random,605,0.01200319999999877
Insertion Sort,Random,610,0.010512499999999037
Insertion Sort,Random,610,0.011097499999999982
Insertion Sort,Random,615,0.011888000000000787
Insertion Sort,Random,615,0.011376099999999667
Insertion Sort,Random,620,0.011084299999998493
Insertion Sort,Random,620,0.010959899999999578
Insertion Sort,Random,625,0.011329299999999876
Insertion Sort,Random,625,0.010967700000000136
Insertion Sort,Random,630,0.011762800000001405
Insertion Sort,Random,630,0.013055300000001324
Insertion Sort,Random,635,0.012189900000000975
Insertion Sort,Random,635,0.012211699999999936
Insertion Sort,Random,640,0.011179200000000833
Insertion Sort,Random,640,0.011539500000001368
Insertion Sort,Random,645,0.013172300000000803
Insertion Sort,Random,645,0.012593700000000041
Insertion Sort,Random,650,0.012417500000001525
Insertion Sort,Random,650,0.012223899999998622
Insertion Sort,Random,655,0.01255669999999931
Insertion Sort,Random,655,0.011737000000000108
Insertion Sort,Random,660,0.012085400000000135
Insertion Sort,Random,660,0.012582000000000093
Insertion Sort,Random,665,0.012610199999999239
Insertion Sort,Random,665,0.011742100000001088
Insertion Sort,Random,670,0.014767199999999647
Insertion Sort,Random,670,0.013902599999999765
Insertion Sort,Random,675,0.013465200000000621
Insertion Sort,Random,675,0.014332500000000081
Insertion Sort,Random,680,0.013139000000000678
Insertion Sort,Random,680,0.012624300000000588
Insertion Sort,Random,685,0.013815799999999712
Insertion Sort,Random,685,0.013192699999999391
Insertion Sort,Random,690,0.014353500000000352
Insertion Sort,Random,690,0.013700899999999905
Insertion Sort,Random,695,0.01499289999999931
Insertion Sort,Random,695,0.015615699999999677
Insertion Sort,Random,700,0.014383899999998562
Insertion Sort,Random,700,0.013901900000000467
Insertion Sort,Random,705,0.015378999999999365
Insertion Sort,Random,705,0.016075900000000587
Insertion Sort,Random,710,0.01524170000000069
Insertion Sort,Random,710,0.015091699999999264
Insertion Sort,Random,715,0.01668010000000031
Insertion Sort,Random,715,0.01504000000000083
Insertion Sort,Random,720,0.016581200000000962
Insertion Sort,Random,720,0.015193399999999357
Insertion Sort,Random,725,0.015000699999999867
Insertion Sort,Random,725,0.015234899999999385
Insertion Sort,Random,730,0.017170800000000597
Insertion Sort,Random,730,0.016020700000000332
Insertion Sort,Random,735,0.01698450000000129
Insertion Sort,Random,735,0.017421300000000528
Insertion Sort,Random,740,0.01577220000000068
Insertion Sort,Random,740,0.015493199999999874
Insertion Sort,Random,745,0.017300800000001004
Insertion Sort,Random,745,0.016622200000000475
Insertion Sort,Random,750,0.016862600000001393
Insertion Sort,Random,750,0.016022800000000004
Insertion Sort,Random,755,0.0171361000000001
Insertion Sort,Random,755,0.018333800000000622
Insertion Sort,Random,760,0.01901209999999942
Insertion Sort,Random,760,0.0188126000000004
Insertion Sort,Random,765,0.016270999999999702
Insertion Sort,Random,765,0.01779620000000115
Insertion Sort,Random,770,0.017184600000000216
Insertion Sort,Random,770,0.01709639999999979
Insertion Sort,Random,775,0.01718289999999989
Insertion Sort,Random,775,0.01749759999999867
Insertion Sort,Random,780,0.01947619999999972
Insertion Sort,Random,780,0.018469899999999484
Insertion Sort,Random,785,0.018718500000000304
Insertion Sort,Random,785,0.01756950000000046
Insertion Sort,Random,790,0.01920490000000008
Insertion Sort,Random,790,0.01995920000000062
Insertion Sort,Random,795,0.021658500000000913
Insertion Sort,Random,795,0.01982369999999989
Insertion Sort,Random,800,0.018481899999999385
Insertion Sort,Random,800,0.017573200000001066
Insertion Sort,Random,805,0.019423699999999045
Insertion Sort,Random,805,0.020090199999998504
Insertion Sort,Random,810,0.01956559999999996
Insertion Sort,Random,810,0.01880209999999849
Insertion Sort,Random,815,0.019669099999999773
Insertion Sort,Random,815,0.019986100000000562
Insertion Sort,Random,820,0.01965869999999903
Insertion Sort,Random,820,0.02015469999999908
Insertion Sort,Random,825,0.020522100000000876
Insertion Sort,Random,825,0.022159300000000215
Insertion Sort,Random,830,0.0226260000000007
Insertion Sort,Random,830,0.02159140000000015
Insertion Sort,Random,835,0.020563799999999688
Insertion Sort,Random,835,0.02037319999999987
Insertion Sort,Random,840,0.021456599999998716
Insertion Sort,Random,840,0.02125800000000133
Insertion Sort,Random,845,0.02205239999999975
Insertion Sort,Random,845,0.021310599999999624
Insertion Sort,Random,850,0.021102100000000235
Insertion Sort,Random,850,0.02104589999999895
Insertion Sort,Random,855,0.023123699999999303
Insertion Sort,Random,855,0.023404100000000483
Insertion Sort,Random,860,0.02280390000000132
Insertion Sort,Random,860,0.021526299999999665
Insertion Sort,Random,865,0.02243900000000032
Insertion Sort,Random,865,0.020871299999999593
Insertion Sort,Random,870,0.0225395000000006
Insertion Sort,Random,870,0.022629300000000185
Insertion Sort,Random,875,0.023729100000000614
Insertion Sort,Random,875,0.022011099999998507
Insertion Sort,Random,880,0.024613300000000393
Insertion Sort,Random,880,0.024402800000000724
Insertion Sort,Random,885,0.023856300000000275
Insertion Sort,Random,885,0.023857200000000134
Insertion Sort,Random,890,0.02404839999999986
Insertion Sort,Random,890,0.024338300000000146
Insertion Sort,Random,895,0.02580440000000017
Insertion Sort,Random,895,0.02411979999999936
Insertion Sort,Random,900,0.025876000000000232
Insertion Sort,Random,900,0.023804600000000065
Insertion Sort,Random,905,0.022424599999999018
Insertion Sort,Random,905,0.024470099999998496
Insertion Sort,Random,910,0.024708000000000396
Insertion Sort,Random,910,0.024250900000000186
Insertion Sort,Random,915,0.02472779999999908
Insertion Sort,Random,915,0.023912899999999127
Insertion Sort,Random,920,0.024977899999999664
Insertion Sort,Random,920,0.02483259999999987
Insertion Sort,Random,925,0.02487520000000032
Insertion Sort,Random,925,0.02549399999999835
Insertion Sort,Random,930,0.02617180000000019
Insertion Sort,Random,930,0.025438599999997535
Insertion Sort,Random,935,0.027727099999999893
Insertion Sort,Random,935,0.027824400000000082
Insertion Sort,Random,940,0.029156000000000404
Insertion Sort,Random,940,0.02511320000000339
Insertion Sort,Random,945,0.028222499999998263
Insertion Sort,Random,945,0.027411600000000647
Insertion Sort,Random,950,0.02833659999999938
Insertion Sort,Random,950,0.028222400000000647
Insertion Sort,Random,955,0.026840899999999834
Insertion Sort,Random,955,0.02731950000000083
Insertion Sort,Random,960,0.026419600000000543
Insertion Sort,Random,960,0.026585799999999438
Insertion Sort,Random,965,0.028750699999999796
Insertion Sort,Random,965,0.028384899999998936
Insertion Sort,Random,970,0.02730239999999995
Insertion Sort,Random,970,0.027603400000000278
Insertion Sort,Random,975,0.027405200000000463
Insertion Sort,Random,975,0.02834259999999844
Insertion Sort,Random,980,0.030125400000002855
Insertion Sort,Random,980,0.02852280000000107
Insertion Sort,Random,985,0.028062699999999552
Insertion Sort,Random,985,0.032647700000001834
Insertion Sort,Random,990,0.029145299999999708
Insertion Sort,Random,990,0.02827930000000123
Insertion Sort,Random,995,0.03130750000000049
Insertion Sort,Random,995,0.03034770000000009
Insertion Sort,Random,1000,0.03392000000000195
Insertion Sort,Random,1000,0.03250710000000012
Insertion Sort,Random,1005,0.030397300000000627
Insertion Sort,Random,1005,0.03066859999999849
Insertion Sort,Random,1010,0.03034189999999981
Insertion Sort,Random,1010,0.029608699999997157
Insertion Sort,Random,1015,0.032778600000000324
Insertion Sort,Random,1015,0.032581799999999106
Insertion Sort,Random,1020,0.03128600000000148
Insertion Sort,Random,1020,0.030685099999999466
Insertion Sort,Random,1025,0.033178100000000654
Insertion Sort,Random,1025,0.034775499999998516
Insertion Sort,Random,1030,0.03150190000000208
Insertion Sort,Random,1030,0.03233940000000146
Insertion Sort,Random,1035,0.032233099999999126
Insertion Sort,Random,1035,0.03278900000000107
Insertion Sort,Random,1040,0.038821900000002074
Insertion Sort,Random,1040,0.03390690000000163
Insertion Sort,Random,1045,0.03218379999999854
Insertion Sort,Random,1045,0.03153349999999833
Insertion Sort,Random,1050,0.03550560000000047
Insertion Sort,Random,1050,0.03257939999999948
Insertion Sort,Random,1055,0.03587010000000035
Insertion Sort,Random,1055,0.034782999999997344
Insertion Sort,Random,1060,0.036668399999999934
Insertion Sort,Random,1060,0.03619419999999707
Insertion Sort,Random,1065,0.03476840000000081
Insertion Sort,Random,1065,0.034199999999998454
Insertion Sort,Random,1070,0.035644200000000126
Insertion Sort,Random,1070,0.03504909999999839
Insertion Sort,Random,1075,0.03637600000000063
Insertion Sort,Random,1075,0.033913899999998165
Insertion Sort,Random,1080,0.036413900000003
Insertion Sort,Random,1080,0.0356480000000019
Insertion Sort,Random,1085,0.035154500000000866
Insertion Sort,Random,1085,0.035947799999998864
Insertion Sort,Random,1090,0.03633699999999962
Insertion Sort,Random,1090,0.03529020000000216
Insertion Sort,Random,1095,0.0364570999999998
Insertion Sort,Random,1095,0.035450199999999654
Insertion Sort,Random,1100,0.036519399999999536
Insertion Sort,Random,1100,0.03602249999999785
Insertion Sort,Random,1105,0.037046699999997657
Insertion Sort,Random,1105,0.03656890000000246
Insertion Sort,Random,1110,0.0375173999999987
Insertion Sort,Random,1110,0.03553519999999821
Insertion Sort,Random,1115,0.03835510000000042
Insertion Sort,Random,1115,0.03737470000000087
Insertion Sort,Random,1120,0.03665200000000013
Insertion Sort,Random,1120,0.03718560000000082
Insertion Sort,Random,1125,0.03807340000000181
Insertion Sort,Random,1125,0.0377711000000005
Insertion Sort,Random,1130,0.04022279999999867
Insertion Sort,Random,1130,0.039264599999999206
Insertion Sort,Random,1135,0.04296780000000311
Insertion Sort,Random,1135,0.04127979999999809
Insertion Sort,Random,1140,0.04183570000000003
Insertion Sort,Random,1140,0.03909240000000125
Insertion Sort,Random,1145,0.0395575000000008
Insertion Sort,Random,1145,0.04044150000000002
Insertion Sort,Random,1150,0.043598599999999266
Insertion Sort,Random,1150,0.04201420000000056
Insertion Sort,Random,1155,0.043811299999998
Insertion Sort,Random,1155,0.04450699999999941
Insertion Sort,Random,1160,0.04095090000000212
Insertion Sort,Random,1160,0.040254099999998516
Insertion Sort,Random,1165,0.0404650999999987
Insertion Sort,Random,1165,0.040677399999999864
Insertion Sort,Random,1170,0.04140699999999953
Insertion Sort,Random,1170,0.04071959999999919
Insertion Sort,Random,1175,0.041905099999997475
Insertion Sort,Random,1175,0.041519300000000925
Insertion Sort,Random,1180,0.045032299999999026
Insertion Sort,Random,1180,0.04463159999999888
Insertion Sort,Random,1185,0.042586299999999966
Insertion Sort,Random,1185,0.04240830000000173
Insertion Sort,Random,1190,0.04238749999999669
Insertion Sort,Random,1190,0.04182800000000242
Insertion Sort,Random,1195,0.04689549999999798
Insertion Sort,Random,1195,0.045180500000000734
Insertion Sort,Random,1200,0.042866300000000024
Insertion Sort,Random,1200,0.043668300000000215
Insertion Sort,Random,1205,0.043933199999997896
Insertion Sort,Random,1205,0.04480389999999801
Insertion Sort,Random,1210,0.04560290000000222
Insertion Sort,Random,1210,0.043832899999998176
Insertion Sort,Random,1215,0.04536410000000046
Insertion Sort,Random,1215,0.04363359999999972
Insertion Sort,Random,1220,0.047595799999999855
Insertion Sort,Random,1220,0.04734459999999885
Insertion Sort,Random,1225,0.043741499999999434
Insertion Sort,Random,1225,0.04466249999999761
Insertion Sort,Random,1230,0.049448599999998066
Insertion Sort,Random,1230,0.048951999999999884
Insertion Sort,Random,1235,0.05144849999999934
Insertion Sort,Random,1235,0.04915379999999914
Insertion Sort,Random,1240,0.04970270000000099
Insertion Sort,Random,1240,0.048101299999999014
Insertion Sort,Random,1245,0.0469968999999999
Insertion Sort,Random,1245,0.04849060000000094
Insertion Sort,Random,1250,0.04937409999999787
Insertion Sort,Random,1250,0.048608500000000276
Insertion Sort,Random,1255,0.04686769999999996
Insertion Sort,Random,1255,0.04951249999999874
Insertion Sort,Random,1260,0.05306969999999822
Insertion Sort,Random,1260,0.053466299999996636
Insertion Sort,Random,1265,0.05160929999999908
Insertion Sort,Random,1265,0.05224139999999977
Insertion Sort,Random,1270,0.05339090000000013
Insertion Sort,Random,1270,0.051603799999998756
Insertion Sort,Random,1275,0.050333999999999435
Insertion Sort,Random,1275,0.049704500000000706
Insertion Sort,Random,1280,0.05009060000000076
Insertion Sort,Random,1280,0.050107499999999305
Insertion Sort,Random,1285,0.05095349999999854
Insertion Sort,Random,1285,0.04989760000000132
Insertion Sort,Random,1290,0.049090799999998325
Insertion Sort,Random,1290,0.05246689999999887
Insertion Sort,Random,1295,0.050107600000000474
Insertion Sort,Random,1295,0.0505324999999992
Insertion Sort,Random,1300,0.05606339999999932
Insertion Sort,Random,1300,0.05381699999999867
Insertion Sort,Random,1305,0.051595100000000116
Insertion Sort,Random,1305,0.05278119999999831
Insertion Sort,Random,1310,0.05652339999999967
Insertion Sort,Random,1310,0.05501639999999952
Insertion Sort,Random,1315,0.05333679999999674
Insertion Sort,Random,1315,0.05305710000000019
Insertion Sort,Random,1320,0.051128999999999536
Insertion Sort,Random,1320,0.05598520000000207
Insertion Sort,Random,1325,0.053404300000000404
Insertion Sort,Random,1325,0.05213690000000071
Insertion Sort,Random,1330,0.05512669999999886
Insertion Sort,Random,1330,0.05261600000000044
Insertion Sort,Random,1335,0.058745800000000514
Insertion Sort,Random,1335,0.05836440000000209
Insertion Sort,Random,1340,0.05539590000000061
Insertion Sort,Random,1340,0.05413030000000063
Insertion Sort,Random,1345,0.05398369999999986
Insertion Sort,Random,1345,0.05633879999999891
Insertion Sort,Random,1350,0.05468360000000061
Insertion Sort,Random,1350,0.056202799999997666
Insertion Sort,Random,1355,0.054623299999999375
Insertion Sort,Random,1355,0.05554219999999788
Insertion Sort,Random,1360,0.05633789999999905
Insertion Sort,Random,1360,0.05527490000000057
Insertion Sort,Random,1365,0.05519560000000112
Insertion Sort,Random,1365,0.057063599999999326
Insertion Sort,Random,1370,0.05691720000000089
Insertion Sort,Random,1370,0.057656000000001484
Insertion Sort,Random,1375,0.06156159999999744
Insertion Sort,Random,1375,0.058367699999998024
Insertion Sort,Random,1380,0.058887699999999654
Insertion Sort,Random,1380,0.058746599999999205
Insertion Sort,Random,1385,0.06177850000000262
Insertion Sort,Random,1385,0.05976530000000224
Insertion Sort,Random,1390,0.05806760000000111
Insertion Sort,Random,1390,0.05740400000000179
Insertion Sort,Random,1395,0.0596426000000001
Insertion Sort,Random,1395,0.05706710000000115
Insertion Sort,Random,1400,0.06118640000000042
Insertion Sort,Random,1400,0.060395899999999614
Insertion Sort,Random,1405,0.05939159999999788
Insertion Sort,Random,1405,0.061197499999998684
Insertion Sort,Random,1410,0.058854400000001306
Insertion Sort,Random,1410,0.062022699999999986
Insertion Sort,Random,1415,0.059058900000000136
Insertion Sort,Random,1415,0.06110740000000092
Insertion Sort,Random,1420,0.06302910000000139
Insertion Sort,Random,1420,0.06076849999999823
Insertion Sort,Random,1425,0.06625900000000229
Insertion Sort,Random,1425,0.0624161999999977
Insertion Sort,Random,1430,0.06104039999999955
Insertion Sort,Random,1430,0.06051439999999886
Insertion Sort,Random,1435,0.06766379999999828
Insertion Sort,Random,1435,0.06886270000000039
Insertion Sort,Random,1440,0.06790790000000158
Insertion Sort,Random,1440,0.066854799999998
Insertion Sort,Random,1445,0.062004299999998125
Insertion Sort,Random,1445,0.06351549999999762
Insertion Sort,Random,1450,0.0635709999999996
Insertion Sort,Random,1450,0.06318420000000202
Insertion Sort,Random,1455,0.06744229999999973
Insertion Sort,Random,1455,0.06271639999999934
Insertion Sort,Random,1460,0.06488590000000016
Insertion Sort,Random,1460,0.0635692999999975
Insertion Sort,Random,1465,0.06762729999999806
Insertion Sort,Random,1465,0.06515630000000172
Insertion Sort,Random,1470,0.06756030000000024
Insertion Sort,Random,1470,0.07019249999999744
Insertion Sort,Random,1475,0.06479119999999838
Insertion Sort,Random,1475,0.07015200000000021
Insertion Sort,Random,1480,0.06724150000000151
Insertion Sort,Random,1480,0.06579729999999984
Insertion Sort,Random,1485,0.06682799999999745
Insertion Sort,Random,1485,0.06822769999999778
Insertion Sort,Random,1490,0.07175030000000149
Insertion Sort,Random,1490,0.0774405999999992
Insertion Sort,Random,1495,0.07584200000000152
Insertion Sort,Random,1495,0.06870999999999938
Insertion Sort,Random,1500,0.07480470000000139
Insertion Sort,Random,1500,0.0808523000000001
Insertion Sort,Random,1505,0.07339209999999952
Insertion Sort,Random,1505,0.07354790000000122
Insertion Sort,Random,1510,0.07073699999999761
Insertion Sort,Random,1510,0.07087230000000133
Insertion Sort,Random,1515,0.07694889999999788
Insertion Sort,Random,1515,0.06878779999999907
Insertion Sort,Random,1520,0.07346940000000046
Insertion Sort,Random,1520,0.08333610000000036
Insertion Sort,Random,1525,0.07114960000000181
Insertion Sort,Random,1525,0.07076190000000082
Insertion Sort,Random,1530,0.08112249999999932
Insertion Sort,Random,1530,0.08183209999999974
Insertion Sort,Random,1535,0.07989460000000292
Insertion Sort,Random,1535,0.08336349999999726
Insertion Sort,Random,1540,0.0730844000000026
Insertion Sort,Random,1540,0.0746218999999968
Insertion Sort,Random,1545,0.08230160000000097
Insertion Sort,Random,1545,0.07744100000000032
Insertion Sort,Random,1550,0.07356180000000023
Insertion Sort,Random,1550,0.07412809999999936
Insertion Sort,Random,1555,0.07457789999999775
Insertion Sort,Random,1555,0.07477229999999935
Insertion Sort,Random,1560,0.07750319999999888
Insertion Sort,Random,1560,0.07413580000000053
Insertion Sort,Random,1565,0.08030289999999951
Insertion Sort,Random,1565,0.07956160000000168
Insertion Sort,Random,1570,0.07575109999999796
Insertion Sort,Random,1570,0.07803829999999934
Insertion Sort,Random,1575,0.08181030000000078
Insertion Sort,Random,1575,0.08295539999999946
Insertion Sort,Random,1580,0.07644649999999942
Insertion Sort,Random,1580,0.0760304000000005
Insertion Sort,Random,1585,0.07748680000000263
Insertion Sort,Random,1585,0.07838849999999908
Insertion Sort,Random,1590,0.07897540000000092
Insertion Sort,Random,1590,0.08009589999999989
Insertion Sort,Random,1595,0.07743560000000116
Insertion Sort,Random,1595,0.0781735000000019
Insertion Sort,Random,1600,0.07859749999999721
Insertion Sort,Random,1600,0.07758809999999983
Insertion Sort,Random,1605,0.0814382000000009
Insertion Sort,Random,1605,0.07819969999999898
Insertion Sort,Random,1610,0.08063230000000132
Insertion Sort,Random,1610,0.07973150000000118
Insertion Sort,Random,1615,0.0838163999999999
Insertion Sort,Random,1615,0.08301420000000093
Insertion Sort,Random,1620,0.08788470000000004
Insertion Sort,Random,1620,0.0847496999999997
Insertion Sort,Random,1625,0.08325579999999988
Insertion Sort,Random,1625,0.07876750000000143
Insertion Sort,Random,1630,0.08335139999999797
Insertion Sort,Random,1630,0.07992680000000263
Insertion Sort,Random,1635,0.0826466000000039
Insertion Sort,Random,1635,0.0857664999999983
Insertion Sort,Random,1640,0.08465890000000087
Insertion Sort,Random,1640,0.08189129999999523
Insertion Sort,Random,1645,0.09135249999999928
Insertion Sort,Random,1645,0.08955959999999408
Insertion Sort,Random,1650,0.08627599999999802
Insertion Sort,Random,1650,0.08755699999999678
Insertion Sort,Random,1655,0.08749439999999709
Insertion Sort,Random,1655,0.08462600000000009
Insertion Sort,Random,1660,0.08631640000000118
Insertion Sort,Random,1660,0.08370169999999888
Insertion Sort,Random,1665,0.08802759999999665
Insertion Sort,Random,1665,0.09082049999999953
Insertion Sort,Random,1670,0.08391749999999831
Insertion Sort,Random,1670,0.08632390000000356
Insertion Sort,Random,1675,0.09244120000000322
Insertion Sort,Random,1675,0.094331099999998
Insertion Sort,Random,1680,0.08914710000000525
Insertion Sort,Random,1680,0.09480179999999905
Insertion Sort,Random,1685,0.08737930000000205
Insertion Sort,Random,1685,0.08933720000000278
Insertion Sort,Random,1690,0.09489659999999844
Insertion Sort,Random,1690,0.08976759999999473
Insertion Sort,Random,1695,0.08961659999999938
Insertion Sort,Random,1695,0.09364650000000552
Insertion Sort,Random,1700,0.09567539999999752
Insertion Sort,Random,1700,0.09605789999999814
Insertion Sort,Random,1705,0.09751650000000467
Insertion Sort,Random,1705,0.0958758999999958
Insertion Sort,Random,1710,0.09214160000000504
Insertion Sort,Random,1710,0.0872954999999962
Insertion Sort,Random,1715,0.09002830000000017
Insertion Sort,Random,1715,0.09217130000000395
Insertion Sort,Random,1720,0.0886467000000053
Insertion Sort,Random,1720,0.0890757000000022
Insertion Sort,Random,1725,0.09622060000000232
Insertion Sort,Random,1725,0.09014799999999923
Insertion Sort,Random,1730,0.09490249999999634
Insertion Sort,Random,1730,0.09581620000000157
Insertion Sort,Random,1735,0.0974441999999982
Insertion Sort,Random,1735,0.09201889999999935
Insertion Sort,Random,1740,0.09297889999999853
Insertion Sort,Random,1740,0.09458070000000163
Insertion Sort,Random,1745,0.10321529999999512
Insertion Sort,Random,1745,0.10010410000000292
Insertion Sort,Random,1750,0.0998677999999984
Insertion Sort,Random,1750,0.10007370000000293
Insertion Sort,Random,1755,0.09234539999999924
Insertion Sort,Random,1755,0.09330440000000095
Insertion Sort,Random,1760,0.09406590000000392
Insertion Sort,Random,1760,0.09564319999999782
Insertion Sort,Random,1765,0.09665869999999899
Insertion Sort,Random,1765,0.09546819999999911
Insertion Sort,Random,1770,0.10567130000000446
Insertion Sort,Random,1770,0.10676720000000017
Insertion Sort,Random,1775,0.10072850000000244
Insertion Sort,Random,1775,0.0987829999999974
Insertion Sort,Random,1780,0.10347540000000066
Insertion Sort,Random,1780,0.10299039999999593
Insertion Sort,Random,1785,0.09854230000000541
Insertion Sort,Random,1785,0.09819310000000314
Insertion Sort,Random,1790,0.10302229999999923
Insertion Sort,Random,1790,0.1013372999999973
Insertion Sort,Random,1795,0.10095809999999972
Insertion Sort,Random,1795,0.09772399999999948
Insertion Sort,Random,1800,0.0992395999999971
Insertion Sort,Random,1800,0.09864780000000195
Insertion Sort,Random,1805,0.10078000000000031
Insertion Sort,Random,1805,0.09907809999999984
Insertion Sort,Random,1810,0.10116740000000135
Insertion Sort,Random,1810,0.10136479999999892
Insertion Sort,Random,1815,0.10202400000000011
Insertion Sort,Random,1815,0.10021229999999548
Insertion Sort,Random,1820,0.11090980000000172
Insertion Sort,Random,1820,0.10757110000000125
Insertion Sort,Random,1825,0.10355240000000521
Insertion Sort,Random,1825,0.10362609999999961
Insertion Sort,Random,1830,0.11975629999999882
Insertion Sort,Random,1830,0.11366969999999554
Insertion Sort,Random,1835,0.1038794999999979
Insertion Sort,Random,1835,0.10512000000000654
Insertion Sort,Random,1840,0.10588260000000105
Insertion Sort,Random,1840,0.12197219999999476
Insertion Sort,Random,1845,0.10946189999999945
Insertion Sort,Random,1845,0.10470869999999621
Insertion Sort,Random,1850,0.10889120000000219
Insertion Sort,Random,1850,0.10549939999999935
Insertion Sort,Random,1855,0.10589399999999927
Insertion Sort,Random,1855,0.1102314999999976
Insertion Sort,Random,1860,0.10903849999999693
Insertion Sort,Random,1860,0.10670149999999978
Insertion Sort,Random,1865,0.1080226000000053
Insertion Sort,Random,1865,0.10949109999999962
Insertion Sort,Random,1870,0.11066689999999824
Insertion Sort,Random,1870,0.11449410000000171
Insertion Sort,Random,1875,0.11111339999999359
Insertion Sort,Random,1875,0.10678550000000087
Insertion Sort,Random,1880,0.10926249999999982
Insertion Sort,Random,1880,0.11109300000000388
Insertion Sort,Random,1885,0.10777800000000326
Insertion Sort,Random,1885,0.11110000000000042
Insertion Sort,Random,1890,0.10904330000000328
Insertion Sort,Random,1890,0.11077579999999898
Insertion Sort,Random,1895,0.11248109999999656
Insertion Sort,Random,1895,0.11493249999999477
Insertion Sort,Random,1900,0.11037720000000206
Insertion Sort,Random,1900,0.10956619999999617
Insertion Sort,Random,1905,0.11696270000000197
Insertion Sort,Random,1905,0.11235440000000096
Insertion Sort,Random,1910,0.1244931999999963
Insertion Sort,Random,1910,0.11884059999999863
Insertion Sort,Random,1915,0.1268396999999979
Insertion Sort,Random,1915,0.15485400000000027
Insertion Sort,Random,1920,0.13094860000000352
Insertion Sort,Random,1920,0.1220105000000018
Insertion Sort,Random,1925,0.12759720000000385
Insertion Sort,Random,1925,0.11473750000000393
Insertion Sort,Random,1930,0.11617779999999556
Insertion Sort,Random,1930,0.11634879999999725
Insertion Sort,Random,1935,0.11705719999999786
Insertion Sort,Random,1935,0.11470690000000161
Insertion Sort,Random,1940,0.1178704999999951
Insertion Sort,Random,1940,0.1183273999999983
Insertion Sort,Random,1945,0.12005219999999639
Insertion Sort,Random,1945,0.11783669999999802
Insertion Sort,Random,1950,0.12121989999999983
Insertion Sort,Random,1950,0.12370500000000106
Insertion Sort,Random,1955,0.12593900000000247
Insertion Sort,Random,1955,0.1291731000000027
Insertion Sort,Random,1960,0.13261869999999476
Insertion Sort,Random,1960,0.1263963999999973
Insertion Sort,Random,1965,0.12407429999999664
Insertion Sort,Random,1965,0.12456019999999768
Insertion Sort,Random,1970,0.12549819999999556
Insertion Sort,Random,1970,0.12105230000000233
Insertion Sort,Random,1975,0.12490070000000486
Insertion Sort,Random,1975,0.12371010000000382
Insertion Sort,Random,1980,0.11978750000000105
Insertion Sort,Random,1980,0.12040349999999478
Insertion Sort,Random,1985,0.119853599999999
Insertion Sort,Random,1985,0.12292970000000025
Insertion Sort,Random,1990,0.12438870000000435
Insertion Sort,Random,1990,0.11945270000000363
Insertion Sort,Random,1995,0.1298862000000014
Insertion Sort,Random,1995,0.1254763999999966
Insertion Sort,Random,2000,0.12447039999999987
Insertion Sort,Random,2000,0.12742340000000496
Insertion Sort,Random,2005,0.12754850000000317
Insertion Sort,Random,2005,0.12310930000000297
Insertion Sort,Random,2010,0.12707070000000442
Insertion Sort,Random,2010,0.12721299999999758
Insertion Sort,Random,2015,0.1313029999999955
Insertion Sort,Random,2015,0.13052869999999928
Insertion Sort,Random,2020,0.12644500000000392
Insertion Sort,Random,2020,0.12742610000000099
Insertion Sort,Random,2025,0.13106739999999917
Insertion Sort,Random,2025,0.1324368000000007
Insertion Sort,Random,2030,0.13664409999999805
Insertion Sort,Random,2030,0.13040230000000008
Insertion Sort,Random,2035,0.13410969999999622
Insertion Sort,Random,2035,0.13134150000000488
Insertion Sort,Random,2040,0.13215690000000535
Insertion Sort,Random,2040,0.13121610000000317
Insertion Sort,Random,2045,0.1353224999999938
Insertion Sort,Random,2045,0.13936280000000068
Insertion Sort,Random,2050,0.1337943999999993
Insertion Sort,Random,2050,0.13627939999999938
Insertion Sort,Random,2055,0.14331450000000245
Insertion Sort,Random,2055,0.1388373999999999
Insertion Sort,Random,2060,0.1344939000000025
Insertion Sort,Random,2060,0.1338651000000013
Insertion Sort,Random,2065,0.13615779999999944
Insertion Sort,Random,2065,0.13545359999999818
Insertion Sort,Random,2070,0.13366169999999755
Insertion Sort,Random,2070,0.13722800000000035
Insertion Sort,Random,2075,0.1395969000000008
Insertion Sort,Random,2075,0.13892109999999747
Insertion Sort,Random,2080,0.1416138000000018
Insertion Sort,Random,2080,0.13875320000000357
Insertion Sort,Random,2085,0.13948899999999753
Insertion Sort,Random,2085,0.13582010000000366
Insertion Sort,Random,2090,0.1417234000000036
Insertion Sort,Random,2090,0.136835099999999
Insertion Sort,Random,2095,0.1397069000000002
Insertion Sort,Random,2095,0.1352010999999962
Insertion Sort,Random,2100,0.14414320000000203
Insertion Sort,Random,2100,0.15519770000000221
Insertion Sort,Random,2105,0.14566599999999852
Insertion Sort,Random,2105,0.14128579999999857
Insertion Sort,Random,2110,0.148389200000004
Insertion Sort,Random,2110,0.14155249999999597
Insertion Sort,Random,2115,0.14810899999999805
Insertion Sort,Random,2115,0.1409001000000032
Insertion Sort,Random,2120,0.1483181999999985
Insertion Sort,Random,2120,0.1424720999999991
Insertion Sort,Random,2125,0.14296879999999845
Insertion Sort,Random,2125,0.1432518000000016
Insertion Sort,Random,2130,0.1479216999999977
Insertion Sort,Random,2130,0.14469520000000102
Insertion Sort,Random,2135,0.146018600000005
Insertion Sort,Random,2135,0.14594160000000045
Insertion Sort,Random,2140,0.14938310000000143
Insertion Sort,Random,2140,0.1431319000000002
Insertion Sort,Random,2145,0.14448020000000383
Insertion Sort,Random,2145,0.14739589999999936
Insertion Sort,Random,2150,0.14773439999999738
Insertion Sort,Random,2150,0.14871480000000048
Insertion Sort,Random,2155,0.15170880000000153
Insertion Sort,Random,2155,0.14560340000000593
Insertion Sort,Random,2160,0.1490279000000001
Insertion Sort,Random,2160,0.15148669999999953
Insertion Sort,Random,2165,0.1488125999999994
Insertion Sort,Random,2165,0.147107400000003
Insertion Sort,Random,2170,0.15305860000000138
Insertion Sort,Random,2170,0.15354119999999938
Insertion Sort,Random,2175,0.1504965000000027
Insertion Sort,Random,2175,0.1481332999999978
Insertion Sort,Random,2180,0.15134009999999876
Insertion Sort,Random,2180,0.15641379999999572
Insertion Sort,Random,2185,0.15576380000000256
Insertion Sort,Random,2185,0.15686439999999635
Insertion Sort,Random,2190,0.15100209999999947
Insertion Sort,Random,2190,0.15558610000000073
Insertion Sort,Random,2195,0.1523980999999992
Insertion Sort,Random,2195,0.15406440000000288
Insertion Sort,Random,2200,0.15551659999999856
Insertion Sort,Random,2200,0.15420750000000538
Insertion Sort,Random,2205,0.15585699999999747
Insertion Sort,Random,2205,0.1587287000000046
Insertion Sort,Random,2210,0.15456379999999825
Insertion Sort,Random,2210,0.15830830000000162
Insertion Sort,Random,2215,0.15664540000000216
Insertion Sort,Random,2215,0.15599619999999703
Insertion Sort,Random,2220,0.15765499999999832
Insertion Sort,Random,2220,0.15813079999999502
Insertion Sort,Random,2225,0.15556149999999747
Insertion Sort,Random,2225,0.1592727000000025
Insertion Sort,Random,2230,0.16151860000000084
Insertion Sort,Random,2230,0.15969599999999673
Insertion Sort,Random,2235,0.16218299999999886
Insertion Sort,Random,2235,0.16205659999999966
Insertion Sort,Random,2240,0.15656260000000088
Insertion Sort,Random,2240,0.1653316000000018
Insertion Sort,Random,2245,0.1595691000000059
Insertion Sort,Random,2245,0.1589660000000066
Insertion Sort,Random,2250,0.16255309999999668
Insertion Sort,Random,2250,0.16016980000000558
Insertion Sort,Random,2255,0.16773389999999466
Insertion Sort,Random,2255,0.16205889999999812
Insertion Sort,Random,2260,0.16569750000000028
Insertion Sort,Random,2260,0.1579162000000025
Insertion Sort,Random,2265,0.16703359999999634
Insertion Sort,Random,2265,0.17107500000000186
Insertion Sort,Random,2270,0.16845359999999232
Insertion Sort,Random,2270,0.1669918999999993
Insertion Sort,Random,2275,0.16894100000000378
Insertion Sort,Random,2275,0.1684072000000043
Insertion Sort,Random,2280,0.16758589999999174
Insertion Sort,Random,2280,0.17006469999999752
Insertion Sort,Random,2285,0.17047360000000822
Insertion Sort,Random,2285,0.16371259999999666
Insertion Sort,Random,2290,0.1681039999999996
Insertion Sort,Random,2290,0.16782819999998821
Insertion Sort,Random,2295,0.16574660000000563
Insertion Sort,Random,2295,0.16238559999999325
Insertion Sort,Random,2300,0.1711804999999913
Insertion Sort,Random,2300,0.17080889999999727
Insertion Sort,Random,2305,0.17022560000000908
Insertion Sort,Random,2305,0.17189410000000294
Insertion Sort,Random,2310,0.16606900000000735
Insertion Sort,Random,2310,0.16755089999999484
Insertion Sort,Random,2315,0.16848520000000633
Insertion Sort,Random,2315,0.17456140000000175
Insertion Sort,Random,2320,0.1761937000000131
Insertion Sort,Random,2320,0.17056310000000963
Insertion Sort,Random,2325,0.1749082000000044
Insertion Sort,Random,2325,0.16886979999999596
Insertion Sort,Random,2330,0.1740243999999933
Insertion Sort,Random,2330,0.16922449999999856
Insertion Sort,Random,2335,0.1731732000000079
Insertion Sort,Random,2335,0.17548770000000502
Insertion Sort,Random,2340,0.17724919999999145
Insertion Sort,Random,2340,0.17695709999999565
Insertion Sort,Random,2345,0.1752256999999986
Insertion Sort,Random,2345,0.17303119999999694
Insertion Sort,Random,2350,0.17670959999999525
Insertion Sort,Random,2350,0.17665440000000387
Insertion Sort,Random,2355,0.17533219999999972
Insertion Sort,Random,2355,0.18008980000000463
Insertion Sort,Random,2360,0.179973099999998
Insertion Sort,Random,2360,0.1817148999999887
Insertion Sort,Random,2365,0.18013379999999302
Insertion Sort,Random,2365,0.1829800000000006
Insertion Sort,Random,2370,0.17768590000000017
Insertion Sort,Random,2370,0.18076209999999548
Insertion Sort,Random,2375,0.17924130000000105
Insertion Sort,Random,2375,0.17723660000000052
Insertion Sort,Random,2380,0.18820359999999425
Insertion Sort,Random,2380,0.17888330000000963
Insertion Sort,Random,2385,0.18218919999999628
Insertion Sort,Random,2385,0.18364619999999832
Insertion Sort,Random,2390,0.1877491000000049
Insertion Sort,Random,2390,0.18665480000001367
Insertion Sort,Random,2395,0.18545480000000225
Insertion Sort,Random,2395,0.18098890000000267
Insertion Sort,Random,2400,0.18261819999999318
Insertion Sort,Random,2400,0.18291260000000875
Insertion Sort,Random,2405,0.18566509999999425
Insertion Sort,Random,2405,0.18771610000000294
Insertion Sort,Random,2410,0.1858408999999881
Insertion Sort,Random,2410,0.1866239999999948
Insertion Sort,Random,2415,0.18509240000000204
Insertion Sort,Random,2415,0.18050420000000145
Insertion Sort,Random,2420,0.18126380000001063
Insertion Sort,Random,2420,0.18784130000000232
Insertion Sort,Random,2425,0.1875182999999936
Insertion Sort,Random,2425,0.18384629999999902
Insertion Sort,Random,2430,0.18342090000000155
Insertion Sort,Random,2430,0.18901080000000547
Insertion Sort,Random,2435,0.19383200000000045
Insertion Sort,Random,2435,0.18878170000000694
Insertion Sort,Random,2440,0.18980500000000688
Insertion Sort,Random,2440,0.1860144000000048
Insertion Sort,Random,2445,0.19458090000000539
Insertion Sort,Random,2445,0.18406029999999873
Insertion Sort,Random,2450,0.1991864000000021
Insertion Sort,Random,2450,0.18903420000000892
Insertion Sort,Random,2455,0.18569829999999854
Insertion Sort,Random,2455,0.19218239999999298
Insertion Sort,Random,2460,0.1936866000000066
Insertion Sort,Random,2460,0.188745499999996
Insertion Sort,Random,2465,0.18872060000001056
Insertion Sort,Random,2465,0.19089329999999904
Insertion Sort,Random,2470,0.19256630000000996
Insertion Sort,Random,2470,0.19868149999999218
Insertion Sort,Random,2475,0.19070580000000348
Insertion Sort,Random,2475,0.1925051000000053
Insertion Sort,Random,2480,0.19456019999999796
Insertion Sort,Random,2480,0.19107359999999574
Insertion Sort,Random,2485,0.19209019999999555
Insertion Sort,Random,2485,0.19058420000000353
Insertion Sort,Random,2490,0.20406219999999564
Insertion Sort,Random,2490,0.20000419999999508
Insertion Sort,Random,2495,0.19472129999999765
Insertion Sort,Random,2495,0.22213049999999157
Insertion Sort,Random,2500,0.20780129999999986
Insertion Sort,Random,2500,0.2006985999999955
Insertion Sort,Random,2505,0.21131679999999164
Insertion Sort,Random,2505,0.19942389999999932
Insertion Sort,Random,2510,0.21672499999999673
Insertion Sort,Random,2510,0.2222732000000036
Insertion Sort,Random,2515,0.20961200000000701
Insertion Sort,Random,2515,0.21271589999999208
Insertion Sort,Random,2520,0.22293729999999812
Insertion Sort,Random,2520,0.2202573000000001
Insertion Sort,Random,2525,0.20383350000000178
Insertion Sort,Random,2525,0.20811240000000453
Insertion Sort,Random,2530,0.20330539999999075
Insertion Sort,Random,2530,0.21031499999999426
Insertion Sort,Random,2535,0.20262900000000172
Insertion Sort,Random,2535,0.21725650000000485
Insertion Sort,Random,2540,0.2209292000000005
Insertion Sort,Random,2540,0.20850940000001117
Insertion Sort,Random,2545,0.23108519999999544
Insertion Sort,Random,2545,0.2055237999999946
Insertion Sort,Random,2550,0.23220280000001026
Insertion Sort,Random,2550,0.21403910000000792
Insertion Sort,Random,2555,0.2078740000000039
Insertion Sort,Random,2555,0.21131350000000282
Insertion Sort,Random,2560,0.19900899999998956
Insertion Sort,Random,2560,0.20630859999999984
Insertion Sort,Random,2565,0.22717140000000313
Insertion Sort,Random,2565,0.2192165000000017
Insertion Sort,Random,2570,0.22301559999999654
Insertion Sort,Random,2570,0.2258992999999947
Insertion Sort,Random,2575,0.22298469999999782
Insertion Sort,Random,2575,0.22288729999999646
Insertion Sort,Random,2580,0.2284254000000061
Insertion Sort,Random,2580,0.22193070000000148
Insertion Sort,Random,2585,0.20570050000000606
Insertion Sort,Random,2585,0.22388789999999403
Insertion Sort,Random,2590,0.21674749999999676
Insertion Sort,Random,2590,0.2125367999999952
Insertion Sort,Random,2595,0.22515749999999457
Insertion Sort,Random,2595,0.2289274999999975
Insertion Sort,Random,2600,0.2281818999999956
Insertion Sort,Random,2600,0.2206202999999931
Insertion Sort,Random,2605,0.2172065000000032
Insertion Sort,Random,2605,0.22365929999999423
Insertion Sort,Random,2610,0.22271670000000654
Insertion Sort,Random,2610,0.21797599999999306
Insertion Sort,Random,2615,0.22120060000000308
Insertion Sort,Random,2615,0.21963150000000553
Insertion Sort,Random,2620,0.26293300000000386
Insertion Sort,Random,2620,0.24615529999999808
Insertion Sort,Random,2625,0.23899520000000507
Insertion Sort,Random,2625,0.24308929999999407
Insertion Sort,Random,2630,0.25153720000000135
Insertion Sort,Random,2630,0.24539679999999464
Insertion Sort,Random,2635,0.23675160000000517
Insertion Sort,Random,2635,0.24073429999999973
Insertion Sort,Random,2640,0.22894410000000676
Insertion Sort,Random,2640,0.23953980000000286
Insertion Sort,Random,2645,0.23562590000000228
Insertion Sort,Random,2645,0.21980709999999704
Insertion Sort,Random,2650,0.22660099999998806
Insertion Sort,Random,2650,0.2260592000000088
Insertion Sort,Random,2655,0.22574190000000272
Insertion Sort,Random,2655,0.22172410000000298
Insertion Sort,Random,2660,0.2342677999999978
Insertion Sort,Random,2660,0.2348448999999988
Insertion Sort,Random,2665,0.2456899999999962
Insertion Sort,Random,2665,0.22933290000000284
Insertion Sort,Random,2670,0.2181618000000043
Insertion Sort,Random,2670,0.23829530000000432
Insertion Sort,Random,2675,0.23794390000000476
Insertion Sort,Random,2675,0.22811020000000326
Insertion Sort,Random,2680,0.22695520000000613
Insertion Sort,Random,2680,0.2332131000000004
Insertion Sort,Random,2685,0.23505070000000217
Insertion Sort,Random,2685,0.23471929999999475
Insertion Sort,Random,2690,0.23326529999999934
Insertion Sort,Random,2690,0.22938790000000608
Insertion Sort,Random,2695,0.23189229999999839
Insertion Sort,Random,2695,0.23695169999999166
Insertion Sort,Random,2700,0.24329119999998738
Insertion Sort,Random,2700,0.23618380000000627
Insertion Sort,Random,2705,0.23452199999999834
Insertion Sort,Random,2705,0.23681960000000402
Insertion Sort,Random,2710,0.22951030000000117
Insertion Sort,Random,2710,0.2374446999999975
Insertion Sort,Random,2715,0.24307020000000534
Insertion Sort,Random,2715,0.24092760000000624
Insertion Sort,Random,2720,0.23334420000000478
Insertion Sort,Random,2720,0.23539549999999565
Insertion Sort,Random,2725,0.2378108999999995
Insertion Sort,Random,2725,0.23747749999999712
Insertion Sort,Random,2730,0.23661900000000458
Insertion Sort,Random,2730,0.24301220000000967
Insertion Sort,Random,2735,0.23692600000001107
Insertion Sort,Random,2735,0.23727689999999768
Insertion Sort,Random,2740,0.2481458000000032
Insertion Sort,Random,2740,0.2400954000000013
Insertion Sort,Random,2745,0.24489900000000375
Insertion Sort,Random,2745,0.24112180000000194
Insertion Sort,Random,2750,0.24903639999999427
Insertion Sort,Random,2750,0.253185600000009
Insertion Sort,Random,2755,0.24920999999999083
Insertion Sort,Random,2755,0.2494659999999982
Insertion Sort,Random,2760,0.25535970000001385
Insertion Sort,Random,2760,0.247023200000001
Insertion Sort,Random,2765,0.2438534000000061
Insertion Sort,Random,2765,0.2696977000000089
Insertion Sort,Random,2770,0.2500428000000028
Insertion Sort,Random,2770,0.25020279999999673
Insertion Sort,Random,2775,0.24238709999998775
Insertion Sort,Random,2775,0.24861299999999176
Insertion Sort,Random,2780,0.24743680000000268
Insertion Sort,Random,2780,0.24888570000000243
Insertion Sort,Random,2785,0.2719508999999931
Insertion Sort,Random,2785,0.2747092999999978
Insertion Sort,Random,2790,0.2631159000000025
Insertion Sort,Random,2790,0.2602716999999899
Insertion Sort,Random,2795,0.2580370000000016
Insertion Sort,Random,2795,0.2620035999999999
Insertion Sort,Random,2800,0.25956219999999064
Insertion Sort,Random,2800,0.2515034999999983
Insertion Sort,Random,2805,0.24952710000000877
Insertion Sort,Random,2805,0.24937779999999066
Insertion Sort,Random,2810,0.2431877000000071
Insertion Sort,Random,2810,0.24671359999999254
Insertion Sort,Random,2815,0.25435050000000103
Insertion Sort,Random,2815,0.2551835000000011
Insertion Sort,Random,2820,0.25018049999999903
Insertion Sort,Random,2820,0.25193120000000135
Insertion Sort,Random,2825,0.2597410999999994
Insertion Sort,Random,2825,0.25840250000000253
Insertion Sort,Random,2830,0.2582167000000055
Insertion Sort,Random,2830,0.25794240000000457
Insertion Sort,Random,2835,0.257044300000004
Insertion Sort,Random,2835,0.2572921000000008
Insertion Sort,Random,2840,0.2648319999999984
Insertion Sort,Random,2840,0.2577343999999897
Insertion Sort,Random,2845,0.25842199999999593
Insertion Sort,Random,2845,0.2627100999999925
Insertion Sort,Random,2850,0.2596075000000013
Insertion Sort,Random,2850,0.2641327999999987
Insertion Sort,Random,2855,0.25520640000000583
Insertion Sort,Random,2855,0.27001289999999756
Insertion Sort,Random,2860,0.287223400000002
Insertion Sort,Random,2860,0.2688201999999933
Insertion Sort,Random,2865,0.2607141000000013
Insertion Sort,Random,2865,0.26551019999999426
Insertion Sort,Random,2870,0.2583540000000113
Insertion Sort,Random,2870,0.26896010000000103
Insertion Sort,Random,2875,0.2802379999999971
Insertion Sort,Random,2875,0.280828800000009
Insertion Sort,Random,2880,0.27495270000000005
Insertion Sort,Random,2880,0.2631957999999912
Insertion Sort,Random,2885,0.28138649999999643
Insertion Sort,Random,2885,0.27186810000000605
Insertion Sort,Random,2890,0.2605300999999969
Insertion Sort,Random,2890,0.3105099999999936
Insertion Sort,Random,2895,0.28695810000000677
Insertion Sort,Random,2895,0.26821470000000147
Insertion Sort,Random,2900,0.2772376000000065
Insertion Sort,Random,2900,0.2795271000000099
Insertion Sort,Random,2905,0.28809499999999844
Insertion Sort,Random,2905,0.2954029999999932
Insertion Sort,Random,2910,0.2777293000000043
Insertion Sort,Random,2910,0.29118330000000014
Insertion Sort,Random,2915,0.2968824000000012
Insertion Sort,Random,2915,0.28031620000000146
Insertion Sort,Random,2920,0.2986573999999962
Insertion Sort,Random,2920,0.28412689999998975
Insertion Sort,Random,2925,0.2797668000000044
Insertion Sort,Random,2925,0.2749960000000016
Insertion Sort,Random,2930,0.2779330999999985
Insertion Sort,Random,2930,0.29617170000000215
Insertion Sort,Random,2935,0.2952788000000055
Insertion Sort,Random,2935,0.3423456000000016
Insertion Sort,Random,2940,0.28933680000000095
Insertion Sort,Random,2940,0.2871224999999953
Insertion Sort,Random,2945,0.293118800000002
Insertion Sort,Random,2945,0.28609609999999464
Insertion Sort,Random,2950,0.2980740999999938
Insertion Sort,Random,2950,0.29775180000000034
Insertion Sort,Random,2955,0.29902979999999957
Insertion Sort,Random,2955,0.30505589999999927
Insertion Sort,Random,2960,0.3036942000000238
Insertion Sort,Random,2960,0.29801820000000134
Insertion Sort,Random,2965,0.29465759999999364
Insertion Sort,Random,2965,0.2946944999999914
Insertion Sort,Random,2970,0.3000571999999977
Insertion Sort,Random,2970,0.30330299999999966
Insertion Sort,Random,2975,0.2909727999999916
Insertion Sort,Random,2975,0.29890570000000594
Insertion Sort,Random,2980,0.30760250000000156
Insertion Sort,Random,2980,0.29939970000000926
Insertion Sort,Random,2985,0.2945582999999772
Insertion Sort,Random,2985,0.2947745000000168
Insertion Sort,Random,2990,0.3006638000000237
Insertion Sort,Random,2990,0.30951220000000035
Insertion Sort,Random,2995,0.31007900000000177
Insertion Sort,Random,2995,0.2855049000000065
Insertion Sort,Random,3000,0.2931443000000229
Insertion Sort,Random,3000,0.2981568000000152
Insertion Sort,Random,3005,0.2966984999999909
Insertion Sort,Random,3005,0.30313140000001226
Insertion Sort,Random,3010,0.3073876999999925
Insertion Sort,Random,3010,0.29473129999999514
Insertion Sort,Random,3015,0.3026096000000109
Insertion Sort,Random,3015,0.29388910000000124
Insertion Sort,Random,3020,0.30757869999999343
Insertion Sort,Random,3020,0.29956079999999474
Insertion Sort,Random,3025,0.30471000000000004
Insertion Sort,Random,3025,0.29880710000000477
Insertion Sort,Random,3030,0.30613729999998895
Insertion Sort,Random,3030,0.3028033000000221
Insertion Sort,Random,3035,0.3200025000000153
Insertion Sort,Random,3035,0.349863699999986
Insertion Sort,Random,3040,0.33205849999998804
Insertion Sort,Random,3040,0.3152747999999974
Insertion Sort,Random,3045,0.3141298999999833
Insertion Sort,Random,3045,0.3251649000000043
Insertion Sort,Random,3050,0.3096647000000132
Insertion Sort,Random,3050,0.3095376999999928
Insertion Sort,Random,3055,0.30965810000000715
Insertion Sort,Random,3055,0.3208584999999857
Insertion Sort,Random,3060,0.31496799999999325
Insertion Sort,Random,3060,0.3292500999999959
Insertion Sort,Random,3065,0.32025229999999283
Insertion Sort,Random,3065,0.3220579999999984
Insertion Sort,Random,3070,0.3192738999999847
Insertion Sort,Random,3070,0.31336489999998207
Insertion Sort,Random,3075,0.3044020000000103
Insertion Sort,Random,3075,0.2980450000000019
Insertion Sort,Random,3080,0.32368200000001934
Insertion Sort,Random,3080,0.311338400000011
Insertion Sort,Random,3085,0.31940570000000434
Insertion Sort,Random,3085,0.31785719999999174
Insertion Sort,Random,3090,0.3097233000000017
Insertion Sort,Random,3090,0.312869500000005
Insertion Sort,Random,3095,0.31857640000001197
Insertion Sort,Random,3095,0.314187000000004
Insertion Sort,Random,3100,0.32254670000000374
Insertion Sort,Random,3100,0.3415553000000102
Insertion Sort,Random,3105,0.3503106999999943
Insertion Sort,Random,3105,0.3539131999999938
Insertion Sort,Random,3110,0.34611239999998133
Insertion Sort,Random,3110,0.3671850000000063
Insertion Sort,Random,3115,0.4331899000000021
Insertion Sort,Random,3115,0.4096008999999867
Insertion Sort,Random,3120,0.38142369999999914
Insertion Sort,Random,3120,0.40186259999998697
Insertion Sort,Random,3125,0.33872210000001246
Insertion Sort,Random,3125,0.342214800000022
Insertion Sort,Random,3130,0.3422898000000032
Insertion Sort,Random,3130,0.33405179999999746
Insertion Sort,Random,3135,0.3494090000000085
Insertion Sort,Random,3135,0.33603960000002076
Insertion Sort,Random,3140,0.34147930000000315
Insertion Sort,Random,3140,0.3323784000000103
Insertion Sort,Random,3145,0.33139929999998685
Insertion Sort,Random,3145,0.35001170000001025
Insertion Sort,Random,3150,0.3520909000000074
Insertion Sort,Random,3150,0.3438458000000253
Insertion Sort,Random,3155,0.3564647999999977
Insertion Sort,Random,3155,0.3442194000000143
Insertion Sort,Random,3160,0.38879050000002735
Insertion Sort,Random,3160,0.41644900000000007
Insertion Sort,Random,3165,0.38847409999999627
Insertion Sort,Random,3165,0.3542552000000114
Insertion Sort,Random,3170,0.364859899999999
Insertion Sort,Random,3170,0.3568665999999894
Insertion Sort,Random,3175,0.39290339999999446
Insertion Sort,Random,3175,0.4084382000000062
Insertion Sort,Random,3180,0.35465869999998745
Insertion Sort,Random,3180,0.349507200000005
Insertion Sort,Random,3185,0.36771019999997634
Insertion Sort,Random,3185,0.3623515000000168
Insertion Sort,Random,3190,0.357475600000015
Insertion Sort,Random,3190,0.3739453000000026
Insertion Sort,Random,3195,0.3666307999999958
Insertion Sort,Random,3195,0.39412050000001386
Insertion Sort,Random,3200,0.36729850000000397
Insertion Sort,Random,3200,0.3435580000000016
Insertion Sort,Random,3205,0.3535669999999982
Insertion Sort,Random,3205,0.3404589999999814
Insertion Sort,Random,3210,0.3394636000000162
Insertion Sort,Random,3210,0.3360342000000003
Insertion Sort,Random,3215,0.37996409999999514
Insertion Sort,Random,3215,0.44890459999999166
Insertion Sort,Random,3220,0.4277964000000054
Insertion Sort,Random,3220,0.35347540000000777
Insertion Sort,Random,3225,0.3470805000000041
Insertion Sort,Random,3225,0.36349709999998936
Insertion Sort,Random,3230,0.36395310000000336
Insertion Sort,Random,3230,0.3797350000000108
Insertion Sort,Random,3235,0.3877601000000084
Insertion Sort,Random,3235,0.37046799999998825
Insertion Sort,Random,3240,0.40041519999999764
Insertion Sort,Random,3240,0.4452637999999922
Insertion Sort,Random,3245,0.396332000000001
Insertion Sort,Random,3245,0.3553277000000037
Insertion Sort,Random,3250,0.4013750000000016
Insertion Sort,Random,3250,0.4065930999999807
Insertion Sort,Random,3255,0.3854481999999848
Insertion Sort,Random,3255,0.3690195000000074
Insertion Sort,Random,3260,0.373108000000002
Insertion Sort,Random,3260,0.38693810000000894
Insertion Sort,Random,3265,0.37245490000000814
Insertion Sort,Random,3265,0.37246790000000374
Insertion Sort,Random,3270,0.3630145999999854
Insertion Sort,Random,3270,0.4464166999999861
Insertion Sort,Random,3275,0.4472374000000059
Insertion Sort,Random,3275,0.5277044999999987
Insertion Sort,Random,3280,0.43997569999999087
Insertion Sort,Random,3280,0.47436270000000036
Insertion Sort,Random,3285,0.40790989999999283
Insertion Sort,Random,3285,0.3666048000000046
Insertion Sort,Random,3290,0.3611103000000071
Insertion Sort,Random,3290,0.36563240000000974
Insertion Sort,Random,3295,0.3642169000000024
Insertion Sort,Random,3295,0.3647148999999956
Insertion Sort,Random,3300,0.36129850000000374
Insertion Sort,Random,3300,0.3620499000000166
Insertion Sort,Random,3305,0.36486589999998387
Insertion Sort,Random,3305,0.3745140000000049
Insertion Sort,Random,3310,0.3579225000000008
Insertion Sort,Random,3310,0.36631880000001615
Insertion Sort,Random,3315,0.3705128000000002
Insertion Sort,Random,3315,0.363043800000014
Insertion Sort,Random,3320,0.3663996999999881
Insertion Sort,Random,3320,0.37479419999999664
Insertion Sort,Random,3325,0.3751457000000187
Insertion Sort,Random,3325,0.36301670000000286
Insertion Sort,Random,3330,0.35913850000000025
Insertion Sort,Random,3330,0.36734160000000315
Insertion Sort,Random,3335,0.3751226999999915
Insertion Sort,Random,3335,0.3705270000000098
Insertion Sort,Random,3340,0.36500169999999343
Insertion Sort,Random,3340,0.37442179999999325
Insertion Sort,Random,3345,0.3764118999999937
Insertion Sort,Random,3345,0.37672489999999925
Insertion Sort,Random,3350,0.372040300000009
Insertion Sort,Random,3350,0.3773625999999979
Insertion Sort,Random,3355,0.3687810000000127
Insertion Sort,Random,3355,0.37168109999998933
Insertion Sort,Random,3360,0.3830667999999946
Insertion Sort,Random,3360,0.3730682999999999
Insertion Sort,Random,3365,0.37830590000001507
Insertion Sort,Random,3365,0.36804259999999545
Insertion Sort,Random,3370,0.3772012000000018
Insertion Sort,Random,3370,0.3795494000000019
Insertion Sort,Random,3375,0.3792085000000043
Insertion Sort,Random,3375,0.41171589999999014
Insertion Sort,Random,3380,0.398204800000002
Insertion Sort,Random,3380,0.391964999999999
Insertion Sort,Random,3385,0.39349599999999896
Insertion Sort,Random,3385,0.3946909999999946
Insertion Sort,Random,3390,0.3875462999999968
Insertion Sort,Random,3390,0.3926262999999892
Insertion Sort,Random,3395,0.41823420000000056
Insertion Sort,Random,3395,0.3904014000000018
Insertion Sort,Random,3400,0.3927850000000035
Insertion Sort,Random,3400,0.398167299999983
Insertion Sort,Random,3405,0.38572500000000787
Insertion Sort,Random,3405,0.38633089999999015
Insertion Sort,Random,3410,0.3974785000000054
Insertion Sort,Random,3410,0.38557670000000144
Insertion Sort,Random,3415,0.3849969999999985
Insertion Sort,Random,3415,0.39334759999999847
Insertion Sort,Random,3420,0.3880063000000007
Insertion Sort,Random,3420,0.39087879999999586
Insertion Sort,Random,3425,0.3901136000000065
Insertion Sort,Random,3425,0.39115800000001855
Insertion Sort,Random,3430,0.3910835000000077
Insertion Sort,Random,3430,0.3952099999999916
Insertion Sort,Random,3435,0.3884204999999952
Insertion Sort,Random,3435,0.4024675000000002
Insertion Sort,Random,3440,0.38605070000002684
Insertion Sort,Random,3440,0.4041941000000122
Insertion Sort,Random,3445,0.39752260000000206
Insertion Sort,Random,3445,0.39533199999999624
Insertion Sort,Random,3450,0.3945133999999939
Insertion Sort,Random,3450,0.4082082999999841
Insertion Sort,Random,3455,0.40542410000000473
Insertion Sort,Random,3455,0.40258390000002464
Insertion Sort,Random,3460,0.4049093000000141
Insertion Sort,Random,3460,0.3982912999999826
Insertion Sort,Random,3465,0.3984963999999991
Insertion Sort,Random,3465,0.4027058000000068
Insertion Sort,Random,3470,0.4034331000000009
Insertion Sort,Random,3470,0.3953702999999962
Insertion Sort,Random,3475,0.40854879999997706
Insertion Sort,Random,3475,0.4248400000000174
Insertion Sort,Random,3480,0.40992269999998143
Insertion Sort,Random,3480,0.4147056000000191
Insertion Sort,Random,3485,0.41530980000001705
Insertion Sort,Random,3485,0.425934500000011
Insertion Sort,Random,3490,0.4056590000000142
Insertion Sort,Random,3490,0.436391599999979
Insertion Sort,Random,3495,0.429624600000011
Insertion Sort,Random,3495,0.40824170000001914
Insertion Sort,Random,3500,0.4104877999999985
Insertion Sort,Random,3500,0.4098929999999825
Insertion Sort,Random,3505,0.40617449999999167
Insertion Sort,Random,3505,0.4233495000000005
Insertion Sort,Random,3510,0.43109370000001945
Insertion Sort,Random,3510,0.4286400999999955
Insertion Sort,Random,3515,0.4265089999999816
Insertion Sort,Random,3515,0.4352672999999925
Insertion Sort,Random,3520,0.43666189999999006
Insertion Sort,Random,3520,0.42400789999999233
Insertion Sort,Random,3525,0.4238687000000141
Insertion Sort,Random,3525,0.4149079000000029
Insertion Sort,Random,3530,0.4145848000000001
Insertion Sort,Random,3530,0.41997159999999667
Insertion Sort,Random,3535,0.415822200000008
Insertion Sort,Random,3535,0.4027375999999947
Insertion Sort,Random,3540,0.42947079999999005
Insertion Sort,Random,3540,0.4236549000000025
Insertion Sort,Random,3545,0.41824569999999994
Insertion Sort,Random,3545,0.41247569999998746
Insertion Sort,Random,3550,0.4254604999999856
Insertion Sort,Random,3550,0.4414128999999889
Insertion Sort,Random,3555,0.4395187000000078
Insertion Sort,Random,3555,0.45651430000000914
Insertion Sort,Random,3560,0.4287491999999986
Insertion Sort,Random,3560,0.42978949999999827
Insertion Sort,Random,3565,0.42843470000002526
Insertion Sort,Random,3565,0.4561077000000182
Insertion Sort,Random,3570,0.458707000000004
Insertion Sort,Random,3570,0.44413750000001073
Insertion Sort,Random,3575,0.45650900000001116
Insertion Sort,Random,3575,0.446366299999994
Insertion Sort,Random,3580,0.4433268999999882
Insertion Sort,Random,3580,0.4846828999999957
Insertion Sort,Random,3585,0.48275039999998626
Insertion Sort,Random,3585,0.4743888999999797
Insertion Sort,Random,3590,0.47615250000001197
Insertion Sort,Random,3590,0.4480944000000022
Insertion Sort,Random,3595,0.458896100000004
Insertion Sort,Random,3595,0.45336679999999774
Insertion Sort,Random,3600,0.46516590000001656
Insertion Sort,Random,3600,0.439897000000002
Insertion Sort,Random,3605,0.46630030000000033
Insertion Sort,Random,3605,0.5581815999999833
Insertion Sort,Random,3610,0.5276468999999793
Insertion Sort,Random,3610,0.5204238999999973
Insertion Sort,Random,3615,0.49969509999999673
Insertion Sort,Random,3615,0.5762621000000081
Insertion Sort,Random,3620,0.55956359999999
Insertion Sort,Random,3620,0.5197426999999948
Insertion Sort,Random,3625,0.5081658999999945
Insertion Sort,Random,3625,0.5014817999999934
Insertion Sort,Random,3630,0.507557399999996
Insertion Sort,Random,3630,0.4973856000000012
Insertion Sort,Random,3635,0.5110348999999985
Insertion Sort,Random,3635,0.5204723000000229
Insertion Sort,Random,3640,0.5005628000000115
Insertion Sort,Random,3640,0.49659869999999273
Insertion Sort,Random,3645,0.5097115000000088
Insertion Sort,Random,3645,0.5056965999999932
Insertion Sort,Random,3650,0.49605029999997896
Insertion Sort,Random,3650,0.49843269999999507
Insertion Sort,Random,3655,0.5178454999999929
Insertion Sort,Random,3655,0.5016265000000146
Insertion Sort,Random,3660,0.5051175000000114
Insertion Sort,Random,3660,0.505989900000003
Insertion Sort,Random,3665,0.4984751000000074
Insertion Sort,Random,3665,0.4924508000000003
Insertion Sort,Random,3670,0.49411470000001145
Insertion Sort,Random,3670,0.5012104999999849
Insertion Sort,Random,3675,0.5277104999999835
Insertion Sort,Random,3675,0.5082476000000042
Insertion Sort,Random,3680,0.5143713999999875
Insertion Sort,Random,3680,0.48655189999999493
Insertion Sort,Random,3685,0.5123797999999908
Insertion Sort,Random,3685,0.4977954999999952
Insertion Sort,Random,3690,0.5135104000000013
Insertion Sort,Random,3690,0.5075183000000152
Insertion Sort,Random,3695,0.5157993999999917
Insertion Sort,Random,3695,0.5154035999999849
Insertion Sort,Random,3700,0.5272166999999968
Insertion Sort,Random,3700,0.5017733000000248
Insertion Sort,Random,3705,0.5072693000000186
Insertion Sort,Random,3705,0.5105190000000164
Insertion Sort,Random,3710,0.5175628000000074
Insertion Sort,Random,3710,0.5118717999999944
Insertion Sort,Random,3715,0.5161210999999923
Insertion Sort,Random,3715,0.5155709999999942
Insertion Sort,Random,3720,0.5135992000000158
Insertion Sort,Random,3720,0.5252940000000024
Insertion Sort,Random,3725,0.4954414999999983
Insertion Sort,Random,3725,0.5383084000000053
Insertion Sort,Random,3730,0.5070590999999922
Insertion Sort,Random,3730,0.5351165999999807
Insertion Sort,Random,3735,0.532978600000007
Insertion Sort,Random,3735,0.5347801000000061
Insertion Sort,Random,3740,0.5255402999999887
Insertion Sort,Random,3740,0.5303826999999899
Insertion Sort,Random,3745,0.5198984999999823
Insertion Sort,Random,3745,0.5691365999999789
Insertion Sort,Random,3750,0.5452779000000305
Insertion Sort,Random,3750,0.5239057999999659
Insertion Sort,Random,3755,0.5239500999999791
Insertion Sort,Random,3755,0.53471559999997
Insertion Sort,Random,3760,0.5410194000000388
Insertion Sort,Random,3760,0.577629600000023
Insertion Sort,Random,3765,0.5680502999999817
Insertion Sort,Random,3765,0.5658200999999963
Insertion Sort,Random,3770,0.5477821000000063
Insertion Sort,Random,3770,0.5313049000000092
Insertion Sort,Random,3775,0.5489711999999827
Insertion Sort,Random,3775,0.5499408000000017
Insertion Sort,Random,3780,0.5297374000000445
Insertion Sort,Random,3780,0.5284427000000278
Insertion Sort,Random,3785,0.5452764000000343
Insertion Sort,Random,3785,0.5553484999999796
Insertion Sort,Random,3790,0.5362544999999841
Insertion Sort,Random,3790,0.5431288999999992
Insertion Sort,Random,3795,0.5445692999999778
Insertion Sort,Random,3795,0.5385789000000045
Insertion Sort,Random,3800,0.5191993000000252
Insertion Sort,Random,3800,0.5468238999999926
Insertion Sort,Random,3805,0.545317300000022
Insertion Sort,Random,3805,0.5485431999999832
Insertion Sort,Random,3810,0.544791900000007
Insertion Sort,Random,3810,0.5391308000000095
Insertion Sort,Random,3815,0.5552739999999972
Insertion Sort,Random,3815,0.5602993999999626
Insertion Sort,Random,3820,0.5601177000000348
Insertion Sort,Random,3820,0.5745173999999906
Insertion Sort,Random,3825,0.5803568000000041
Insertion Sort,Random,3825,0.5377545999999711
Insertion Sort,Random,3830,0.5329416999999808
Insertion Sort,Random,3830,0.508795799999973
Insertion Sort,Random,3835,0.5288956000000553
Insertion Sort,Random,3835,0.537008999999955
Insertion Sort,Random,3840,0.5348379999999793
Insertion Sort,Random,3840,0.5211651999999845
Insertion Sort,Random,3845,0.5248760000000061
Insertion Sort,Random,3845,0.5148578000000157
Insertion Sort,Random,3850,0.5324466000000143
Insertion Sort,Random,3850,0.5324754000000098
Insertion Sort,Random,3855,0.5376042999999981
Insertion Sort,Random,3855,0.5277669000000174
Insertion Sort,Random,3860,0.5435831000000348
Insertion Sort,Random,3860,0.5361411000000089
Insertion Sort,Random,3865,0.5267282000000364
Insertion Sort,Random,3865,0.592667600000027
Insertion Sort,Random,3870,0.6368775999999912
Insertion Sort,Random,3870,0.6339186999999811
Insertion Sort,Random,3875,0.6350292999999851
Insertion Sort,Random,3875,0.6362490000000207
Insertion Sort,Random,3880,0.638088899999957
Insertion Sort,Random,3880,0.6983271000000286
Insertion Sort,Random,3885,0.6080559000000108
Insertion Sort,Random,3885,0.601546600000006
Insertion Sort,Random,3890,0.5877826000000255
Insertion Sort,Random,3890,0.5828187000000185
Insertion Sort,Random,3895,0.6038001000000008
Insertion Sort,Random,3895,0.5789164000000255
Insertion Sort,Random,3900,0.5995496999999546
Insertion Sort,Random,3900,0.5798169999999914
Insertion Sort,Random,3905,0.5861435999999571
Insertion Sort,Random,3905,0.5726899000000003
Insertion Sort,Random,3910,0.5902868000000012
Insertion Sort,Random,3910,0.5782823999999778
Insertion Sort,Random,3915,0.5907391000000075
Insertion Sort,Random,3915,0.588837500000011
Insertion Sort,Random,3920,0.620597900000007
Insertion Sort,Random,3920,0.6137640000000033
Insertion Sort,Random,3925,0.622170600000004
Insertion Sort,Random,3925,0.59687839999998
Insertion Sort,Random,3930,0.6158962000000088
Insertion Sort,Random,3930,0.6034099999999967
Insertion Sort,Random,3935,0.630652399999974
Insertion Sort,Random,3935,0.6151060999999913
Insertion Sort,Random,3940,0.6146166999999991
Insertion Sort,Random,3940,0.619004700000005
Insertion Sort,Random,3945,0.6045646000000033
Insertion Sort,Random,3945,0.6087579999999662
Insertion Sort,Random,3950,0.6069368999999938
Insertion Sort,Random,3950,0.6106818000000089
Insertion Sort,Random,3955,0.6214148999999907
Insertion Sort,Random,3955,0.6078641000000289
Insertion Sort,Random,3960,0.5904495999999995
Insertion Sort,Random,3960,0.6162079999999719
Insertion Sort,Random,3965,0.6058141999999975
Insertion Sort,Random,3965,0.6093548999999712
Insertion Sort,Random,3970,0.6141294000000244
Insertion Sort,Random,3970,0.6130557000000181
Insertion Sort,Random,3975,0.6041261999999961
Insertion Sort,Random,3975,0.6143863000000351
Insertion Sort,Random,3980,0.5937976000000162
Insertion Sort,Random,3980,0.6060805999999843
Insertion Sort,Random,3985,0.6149651999999719
Insertion Sort,Random,3985,0.6119221000000152
Insertion Sort,Random,3990,0.6228169999999977
Insertion Sort,Random,3990,0.6252853999999957
Insertion Sort,Random,3995,0.6347757999999999
Insertion Sort,Random,3995,0.7040499999999952
Insertion Sort,Random,4000,0.635086699999988
Insertion Sort,Random,4000,0.6006313000000318
Insertion Sort,Random,4005,0.6167958999999996
Insertion Sort,Random,4005,0.6200966000000108
Insertion Sort,Random,4010,0.6335285000000113
Insertion Sort,Random,4010,0.6294544999999516
Insertion Sort,Random,4015,0.6326601999999752
Insertion Sort,Random,4015,0.6373019000000113
Insertion Sort,Random,4020,0.6290614999999775
Insertion Sort,Random,4020,0.6772121999999854
Insertion Sort,Random,4025,0.6408699999999499
Insertion Sort,Random,4025,0.6207532999999898
Insertion Sort,Random,4030,0.6360933000000273
Insertion Sort,Random,4030,0.6363963999999669
Insertion Sort,Random,4035,0.6235875000000419
Insertion Sort,Random,4035,0.6326568000000066
Insertion Sort,Random,4040,0.6264684000000216
Insertion Sort,Random,4040,0.6179383000000485
Insertion Sort,Random,4045,0.6442571000000044
Insertion Sort,Random,4045,0.629273899999987
Insertion Sort,Random,4050,0.6316299000000072
Insertion Sort,Random,4050,0.6462007999999742
Insertion Sort,Random,4055,0.6228916000000027
Insertion Sort,Random,4055,0.6371824999999944
Insertion Sort,Random,4060,0.6576351999999588
Insertion Sort,Random,4060,0.6365262999999572
Insertion Sort,Random,4065,0.6660670999999638
Insertion Sort,Random,4065,0.644400399999995
Insertion Sort,Random,4070,0.6480766000000244
Insertion Sort,Random,4070,0.6386340999999902
Insertion Sort,Random,4075,0.6668875999999955
Insertion Sort,Random,4075,0.6296163999999749
Insertion Sort,Random,4080,0.6675187000000165
Insertion Sort,Random,4080,0.6609880999999973
Insertion Sort,Random,4085,0.655926299999976
Insertion Sort,Random,4085,0.6482215999999994
Insertion Sort,Random,4090,0.6673927999999592
Insertion Sort,Random,4090,0.6659338000000048
Insertion Sort,Random,4095,0.6668721000000346
Insertion Sort,Random,4095,0.648554200000035
Insertion Sort,Random,4100,0.6541059000000473
Insertion Sort,Random,4100,0.6598489999999515
Insertion Sort,Random,4105,0.6689453999999841
Insertion Sort,Random,4105,0.659177800000009
Insertion Sort,Random,4110,0.6516628999999625
Insertion Sort,Random,4110,0.6582128999999668
Insertion Sort,Random,4115,0.6679932000000122
Insertion Sort,Random,4115,0.6596284999999966
Insertion Sort,Random,4120,0.6668670999999904
Insertion Sort,Random,4120,0.6463506999999709
Insertion Sort,Random,4125,0.6500791000000277
Insertion Sort,Random,4125,0.6485880999999836
Insertion Sort,Random,4130,0.6753426999999874
Insertion Sort,Random,4130,0.674554999999998
Insertion Sort,Random,4135,0.6618381000000113
Insertion Sort,Random,4135,0.6640998999999965
Insertion Sort,Random,4140,0.6550953999999933
Insertion Sort,Random,4140,0.6394509000000426
Insertion Sort,Random,4145,0.6562834000000066
Insertion Sort,Random,4145,0.65443369999997
Insertion Sort,Random,4150,0.6931343999999626
Insertion Sort,Random,4150,0.6740317000000005
Insertion Sort,Random,4155,0.680999799999995
Insertion Sort,Random,4155,0.6811862999999789
Insertion Sort,Random,4160,0.650816500000019
Insertion Sort,Random,4160,0.6792436000000066
Insertion Sort,Random,4165,0.6866016000000172
Insertion Sort,Random,4165,0.6818155000000274
Insertion Sort,Random,4170,0.6880864999999972
Insertion Sort,Random,4170,0.6806814000000259
Insertion Sort,Random,4175,0.6819934999999759
Insertion Sort,Random,4175,0.6941627999999582
Insertion Sort,Random,4180,0.6875163999999927
Insertion Sort,Random,4180,0.6843585000000303
Insertion Sort,Random,4185,0.6874151000000097
Insertion Sort,Random,4185,0.6977210000000014
Insertion Sort,Random,4190,0.6736755000000016
Insertion Sort,Random,4190,0.7140785000000278
Insertion Sort,Random,4195,0.6923735999999963
Insertion Sort,Random,4195,0.6689658999999892
Insertion Sort,Random,4200,0.6923722000000225
Insertion Sort,Random,4200,0.6698913000000175
Insertion Sort,Random,4205,0.6784389000000033
Insertion Sort,Random,4205,0.6913926999999944
Insertion Sort,Random,4210,0.6915996999999834
Insertion Sort,Random,4210,0.6788774999999987
Insertion Sort,Random,4215,0.7190959999999791
Insertion Sort,Random,4215,0.711266299999977
Insertion Sort,Random,4220,0.6830005999999571
Insertion Sort,Random,4220,0.7036453000000051
Insertion Sort,Random,4225,0.6893650000000093
Insertion Sort,Random,4225,0.7026156000000015
Insertion Sort,Random,4230,0.7038535000000365
Insertion Sort,Random,4230,0.679096100000038
Insertion Sort,Random,4235,0.6900076000000013
Insertion Sort,Random,4235,0.6674658000000022
Insertion Sort,Random,4240,0.6962596999999846
Insertion Sort,Random,4240,0.690483200000017
Insertion Sort,Random,4245,0.7011324000000059
Insertion Sort,Random,4245,0.705824199999995
Insertion Sort,Random,4250,0.7004983000000493
Insertion Sort,Random,4250,0.6804182000000196
Insertion Sort,Random,4255,0.6809043000000088
Insertion Sort,Random,4255,0.7003836999999749
Insertion Sort,Random,4260,0.6813642999999843
Insertion Sort,Random,4260,0.6831819000000223
Insertion Sort,Random,4265,0.6966962000000194
Insertion Sort,Random,4265,0.6931088999999702
Insertion Sort,Random,4270,0.7189736999999923
Insertion Sort,Random,4270,0.7062308000000144
Insertion Sort,Random,4275,0.6880309000000011
Insertion Sort,Random,4275,0.7288747000000058
Insertion Sort,Random,4280,0.7139762000000474
Insertion Sort,Random,4280,0.6802382000000193
Insertion Sort,Random,4285,0.7023770999999783
Insertion Sort,Random,4285,0.7126210000000128
Insertion Sort,Random,4290,0.7180531999999857
Insertion Sort,Random,4290,0.7118284000000017
Insertion Sort,Random,4295,0.724771799999985
Insertion Sort,Random,4295,0.7160329999999817
Insertion Sort,Random,4300,0.7257953000000157
Insertion Sort,Random,4300,0.7218155000000479
Insertion Sort,Random,4305,0.7322661000000039
Insertion Sort,Random,4305,0.7218877999999904
Insertion Sort,Random,4310,0.7472022000000038
Insertion Sort,Random,4310,0.7356674999999768
Insertion Sort,Random,4315,0.7242499999999836
Insertion Sort,Random,4315,0.7142562999999882
Insertion Sort,Random,4320,0.702618799999982
Insertion Sort,Random,4320,0.6981802000000243
Insertion Sort,Random,4325,0.7655306000000337
Insertion Sort,Random,4325,0.7533141999999771
Insertion Sort,Random,4330,0.7453624000000332
Insertion Sort,Random,4330,0.7299567000000025
Insertion Sort,Random,4335,0.7364284000000225
Insertion Sort,Random,4335,0.7270874999999819
Insertion Sort,Random,4340,0.7362987999999859
Insertion Sort,Random,4340,0.7574625999999967
Insertion Sort,Random,4345,0.7501477000000136
Insertion Sort,Random,4345,0.7627284000000145
Insertion Sort,Random,4350,0.774687799999981
Insertion Sort,Random,4350,0.7444455000000403
Insertion Sort,Random,4355,0.770488700000044
Insertion Sort,Random,4355,0.759584000000018
Insertion Sort,Random,4360,0.7726612000000159
Insertion Sort,Random,4360,0.7596689000000083
Insertion Sort,Random,4365,0.7899504000000093
Insertion Sort,Random,4365,0.7754114999999615
Insertion Sort,Random,4370,0.7629575999999929
Insertion Sort,Random,4370,0.7914574999999786
Insertion Sort,Random,4375,0.7784555999999725
Insertion Sort,Random,4375,0.7950855999999931
Insertion Sort,Random,4380,0.7761613000000125
Insertion Sort,Random,4380,0.8018746999999848
Insertion Sort,Random,4385,0.819365399999981
Insertion Sort,Random,4385,0.8335627000000159
Insertion Sort,Random,4390,0.8147177999999826
Insertion Sort,Random,4390,0.800325799999996
Insertion Sort,Random,4395,0.7848450999999841
Insertion Sort,Random,4395,0.8031115999999656
Insertion Sort,Random,4400,0.77644829999997
Insertion Sort,Random,4400,0.8124073999999837
Insertion Sort,Random,4405,0.8363626999999951
Insertion Sort,Random,4405,0.7619019999999637
Insertion Sort,Random,4410,0.754194899999959
Insertion Sort,Random,4410,0.7418021000000294
Insertion Sort,Random,4415,0.7540485000000103
Insertion Sort,Random,4415,0.7628563000000099
Insertion Sort,Random,4420,0.7668966999999611
Insertion Sort,Random,4420,0.7671113000000105
Insertion Sort,Random,4425,0.7416529000000196
Insertion Sort,Random,4425,0.7459948000000054
Insertion Sort,Random,4430,0.7396979000000101
Insertion Sort,Random,4430,0.8414961999999946
Insertion Sort,Random,4435,0.7519626999999787
Insertion Sort,Random,4435,0.7249403000000143
Insertion Sort,Random,4440,0.7170959000000039
Insertion Sort,Random,4440,0.7127456000000052
Insertion Sort,Random,4445,0.7373140999999919
Insertion Sort,Random,4445,0.7385141999999973
Insertion Sort,Random,4450,0.7417944000000034
Insertion Sort,Random,4450,0.7326810000000137
Insertion Sort,Random,4455,0.751099599999975
Insertion Sort,Random,4455,0.7819284999999923
Insertion Sort,Random,4460,0.7381620000000453
Insertion Sort,Random,4460,0.7386220999999864
Insertion Sort,Random,4465,0.7305022999999551
Insertion Sort,Random,4465,0.7848917000000029
Insertion Sort,Random,4470,0.7497199000000023
Insertion Sort,Random,4470,0.7801367000000141
Insertion Sort,Random,4475,0.773147100000017
Insertion Sort,Random,4475,0.7575477999999976
Insertion Sort,Random,4480,0.7725538000000256
Insertion Sort,Random,4480,0.8226586000000111
Insertion Sort,Random,4485,0.8160755999999765
Insertion Sort,Random,4485,0.7776321000000053
Insertion Sort,Random,4490,0.7687604999999849
Insertion Sort,Random,4490,0.764258400000017
Insertion Sort,Random,4495,0.7964388999999983
Insertion Sort,Random,4495,0.7841909999999643
Insertion Sort,Random,4500,0.774964700000055
Insertion Sort,Random,4500,0.764363000000003
Insertion Sort,Random,4505,0.7555227000000286
Insertion Sort,Random,4505,0.7500692000000413
Insertion Sort,Random,4510,0.7718858000000068
Insertion Sort,Random,4510,0.7580778000000237
Insertion Sort,Random,4515,0.7780156000000034
Insertion Sort,Random,4515,0.770862300000033
Insertion Sort,Random,4520,0.7798058999999853
Insertion Sort,Random,4520,0.7665478000000121
Insertion Sort,Random,4525,0.7529680999999755
Insertion Sort,Random,4525,0.7595771000000013
Insertion Sort,Random,4530,0.7430314000000067
Insertion Sort,Random,4530,0.7579200000000128
Insertion Sort,Random,4535,0.7570257000000424
Insertion Sort,Random,4535,0.7441496000000143
Insertion Sort,Random,4540,0.7628863000000479
Insertion Sort,Random,4540,0.7466426999999953
Insertion Sort,Random,4545,0.7918685999999866
Insertion Sort,Random,4545,0.7824906000000169
Insertion Sort,Random,4550,0.7719667000000072
Insertion Sort,Random,4550,0.7701931999999942
Insertion Sort,Random,4555,0.7562652000000298
Insertion Sort,Random,4555,0.7715148999999997
Insertion Sort,Random,4560,0.7838889999999878
Insertion Sort,Random,4560,0.764885100000015
Insertion Sort,Random,4565,0.7499247999999739
Insertion Sort,Random,4565,0.7694915999999807
Insertion Sort,Random,4570,0.7650841999999898
Insertion Sort,Random,4570,0.7612852999999973
Insertion Sort,Random,4575,0.7697438000000147
Insertion Sort,Random,4575,0.7609985999999935
Insertion Sort,Random,4580,0.7785367000000178
Insertion Sort,Random,4580,0.7685043000000178
Insertion Sort,Random,4585,0.7568580000000225
Insertion Sort,Random,4585,0.7640451000000326
Insertion Sort,Random,4590,0.7792504000000235
Insertion Sort,Random,4590,0.7560263999999961
Insertion Sort,Random,4595,0.7678834000000165
Insertion Sort,Random,4595,0.7731216000000245
Insertion Sort,Random,4600,0.762103599999989
Insertion Sort,Random,4600,0.7537695999999983
Insertion Sort,Random,4605,0.7889631999999551
Insertion Sort,Random,4605,0.8005291000000057
Insertion Sort,Random,4610,0.801085999999998
Insertion Sort,Random,4610,0.7800576999999862
Insertion Sort,Random,4615,0.7825540000000046
Insertion Sort,Random,4615,0.766330900000014
Insertion Sort,Random,4620,0.7858348000000319
Insertion Sort,Random,4620,0.7797899999999913
Insertion Sort,Random,4625,0.7768693999999527
Insertion Sort,Random,4625,0.7773910000000228
Insertion Sort,Random,4630,0.8086348000000498
Insertion Sort,Random,4630,0.7845032000000174
Insertion Sort,Random,4635,0.7780536999999867
Insertion Sort,Random,4635,0.7929215999999997
Insertion Sort,Random,4640,0.7868348000000083
Insertion Sort,Random,4640,0.7993738999999778
Insertion Sort,Random,4645,0.7863646000000131
Insertion Sort,Random,4645,0.8098942999999963
Insertion Sort,Random,4650,0.804445200000032
Insertion Sort,Random,4650,0.794104300000015
Insertion Sort,Random,4655,0.8027660999999853
Insertion Sort,Random,4655,0.7866625999999997
Insertion Sort,Random,4660,0.8028749000000062
Insertion Sort,Random,4660,0.8113124000000198
Insertion Sort,Random,4665,0.818492899999967
Insertion Sort,Random,4665,0.8005986000000007
Insertion Sort,Random,4670,0.8043134000000691
Insertion Sort,Random,4670,0.8083220999999412
Insertion Sort,Random,4675,0.8132223000000067
Insertion Sort,Random,4675,0.8053985999999895
Insertion Sort,Random,4680,0.8110603000000083
Insertion Sort,Random,4680,0.7898324999999886
Insertion Sort,Random,4685,0.8113922000000002
Insertion Sort,Random,4685,0.8175549000000046
Insertion Sort,Random,4690,0.8126166000000694
Insertion Sort,Random,4690,0.8063846000000012
Insertion Sort,Random,4695,0.8185653000000457
Insertion Sort,Random,4695,0.8122052999999596
Insertion Sort,Random,4700,0.8062238999999636
Insertion Sort,Random,4700,0.8033763999999337
Insertion Sort,Random,4705,0.8072583000000577
Insertion Sort,Random,4705,0.8120111000000634
Insertion Sort,Random,4710,0.8308405000000221
Insertion Sort,Random,4710,0.8031343000000106
Insertion Sort,Random,4715,0.8234151000000338
Insertion Sort,Random,4715,0.8182008999999653
Insertion Sort,Random,4720,0.8366320000000087
Insertion Sort,Random,4720,0.8748093000000381
Insertion Sort,Random,4725,0.8193755999999439
Insertion Sort,Random,4725,0.8390722000000324
Insertion Sort,Random,4730,0.8453160000000253
Insertion Sort,Random,4730,0.8424678000000085
Insertion Sort,Random,4735,0.8496674000000439
Insertion Sort,Random,4735,0.8384439000000157
Insertion Sort,Random,4740,0.837590500000033
Insertion Sort,Random,4740,0.822684400000071
Insertion Sort,Random,4745,0.8105070999999953
Insertion Sort,Random,4745,0.7993349999999282
Insertion Sort,Random,4750,0.827697300000068
Insertion Sort,Random,4750,0.8336676000000125
Insertion Sort,Random,4755,0.8274291999999832
Insertion Sort,Random,4755,0.825774000000024
Insertion Sort,Random,4760,0.8739841999999953
Insertion Sort,Random,4760,0.8640291000000389
Insertion Sort,Random,4765,0.830786499999931
Insertion Sort,Random,4765,0.831636900000035
Insertion Sort,Random,4770,0.8791622999999618
Insertion Sort,Random,4770,0.8510982999999896
Insertion Sort,Random,4775,0.8524651000000176
Insertion Sort,Random,4775,0.848443599999996
Insertion Sort,Random,4780,0.8288401999999451
Insertion Sort,Random,4780,0.8487480999999661
Insertion Sort,Random,4785,0.8513221999999132
Insertion Sort,Random,4785,0.8525061000000278
Insertion Sort,Random,4790,0.8606903999999531
Insertion Sort,Random,4790,0.8641427999999678
Insertion Sort,Random,4795,0.8387818999999581
Insertion Sort,Random,4795,0.8512742000000344
Insertion Sort,Random,4800,0.8375565000000051
Insertion Sort,Random,4800,0.8333540999999514
Insertion Sort,Random,4805,0.8405427999999802
Insertion Sort,Random,4805,0.8282193999999663
Insertion Sort,Random,4810,0.8550329999999349
Insertion Sort,Random,4810,0.8353780999999572
Insertion Sort,Random,4815,0.8429371000000856
Insertion Sort,Random,4815,0.8663381000000072
Insertion Sort,Random,4820,0.8541586000000052
Insertion Sort,Random,4820,0.8407637999999906
Insertion Sort,Random,4825,0.8195122000000765
Insertion Sort,Random,4825,0.8358308000000534
Insertion Sort,Random,4830,0.8667451999999685
Insertion Sort,Random,4830,0.8614246000000776
Insertion Sort,Random,4835,0.8736835999999357
Insertion Sort,Random,4835,0.8486206000000038
Insertion Sort,Random,4840,0.8933916999999383
Insertion Sort,Random,4840,0.8592015000000401
Insertion Sort,Random,4845,0.854645000000005
Insertion Sort,Random,4845,0.8735362999999552
Insertion Sort,Random,4850,0.8842412000000195
Insertion Sort,Random,4850,0.8436199999999872
Insertion Sort,Random,4855,0.8656459999999697
Insertion Sort,Random,4855,0.8892567999999983
Insertion Sort,Random,4860,0.8877173999999286
Insertion Sort,Random,4860,0.8776521999999432
Insertion Sort,Random,4865,0.9037696000000324
Insertion Sort,Random,4865,0.8783363999999665
Insertion Sort,Random,4870,0.8581604999999399
Insertion Sort,Random,4870,0.8673230000000558
Insertion Sort,Random,4875,0.8738746999999876
Insertion Sort,Random,4875,0.9052199999999857
Insertion Sort,Random,4880,0.868793099999948
Insertion Sort,Random,4880,0.8799973999999793
Insertion Sort,Random,4885,0.9220603999999639
Insertion Sort,Random,4885,0.8914273000000321
Insertion Sort,Random,4890,0.8716782000000194
Insertion Sort,Random,4890,0.8374949000000242
Insertion Sort,Random,4895,0.8740368999999646
Insertion Sort,Random,4895,0.8852782999999818
Insertion Sort,Random,4900,0.8748368999999911
Insertion Sort,Random,4900,0.8698765999999978
Insertion Sort,Random,4905,0.8826915000000781
Insertion Sort,Random,4905,0.8962745999999697
Insertion Sort,Random,4910,0.9013922999999977
Insertion Sort,Random,4910,0.9466133000000809
Insertion Sort,Random,4915,0.8942064999999957
Insertion Sort,Random,4915,0.9209105999999565
Insertion Sort,Random,4920,0.9273736999999755
Insertion Sort,Random,4920,0.9417720999999801
Insertion Sort,Random,4925,0.9360299999999597
Insertion Sort,Random,4925,0.9020851000000221
Insertion Sort,Random,4930,0.8835626000000047
Insertion Sort,Random,4930,0.8787770999999793
Insertion Sort,Random,4935,0.8717735000000175
Insertion Sort,Random,4935,0.8997861000000285
Insertion Sort,Random,4940,0.9030520000000024
Insertion Sort,Random,4940,0.9235234999999875
Insertion Sort,Random,4945,0.9280751999999666
Insertion Sort,Random,4945,0.9112920000000031
Insertion Sort,Random,4950,0.9216652999999724
Insertion Sort,Random,4950,0.8937815000000455
Insertion Sort,Random,4955,0.9100091999999904
Insertion Sort,Random,4955,0.8805320000000165
Insertion Sort,Random,4960,0.9293466999999964
Insertion Sort,Random,4960,0.9145641000000069
Insertion Sort,Random,4965,0.9407757999999831
Insertion Sort,Random,4965,0.920445299999983
Insertion Sort,Random,4970,0.9128420000000688
Insertion Sort,Random,4970,0.8798259000000144
Insertion Sort,Random,4975,0.87996940000005
Insertion Sort,Random,4975,0.908538300000032
Insertion Sort,Random,4980,0.9146521000000121
Insertion Sort,Random,4980,0.9248129000000063
Insertion Sort,Random,4985,0.912002799999982
Insertion Sort,Random,4985,0.9112046000000191
Insertion Sort,Random,4990,0.9449271999999382
Insertion Sort,Random,4990,0.9247438999999531
Insertion Sort,Random,4995,0.905164099999979
Insertion Sort,Random,4995,0.928753899999947
Insertion Sort,Random,5000,0.8985168000000385
Insertion Sort,Random,5000,0.9209787999999435
